d_mean,d_std,a_abs,a_std,d_diff,v_abs,ttc_mean,label,sigma_opt
0.09748,0.009729,0.007975,0.010743,0.0132,0.018445,15.0,ÉLOIGNEMENT,1.0
0.1818,0.006339,0.007795,0.01036,0.0038,0.011495,15.0,APPROCHE,0.1
0.110815,0.001742,0.00786,0.009497,0.0045,0.018085,3.7734,APPROCHE,0.1
0.18453,0.001268,0.01311,0.015254,0.0003,0.00213,15.0,STATIONNAIRE,0.1
0.171715,0.012656,0.05134,0.146099,0.0085,0.026265,1.5035,APPROCHE,2.5
0.0979545942928959,0.057345085181121976,0.01123646945327041,0.01705252266285713,0.013582675850805605,0.10749865351081146,15.0,ÉLOIGNEMENT,5.0
0.06104,0.047113,0.011215,0.015864,0.0175,0.08125,15.0,ÉLOIGNEMENT,5.0
0.18549,0.002288,0.009775,0.011121,0.0007,0.002115,15.0,STATIONNAIRE,0.1
-0.00101,0.002498,0.01103,0.014488,0.0021,0.03751,15.0,COLLISION RISK,1.0
0.068405,0.014345,0.00718,0.008999,0.0057,0.02883,1.1865,COLLISION RISK,1.0
0.20351,0.008465,0.00604,0.007253,0.0199,0.031275,15.0,STATIONNAIRE,1.0
0.13627535920371248,0.020848726662168086,0.003846839460564085,0.0068523495381275935,0.00681926446122224,0.05198091140785747,14.793420423311273,ÉLOIGNEMENT,2.5
0.1546987863001463,0.026917135398882158,0.01660582825347571,0.01861875824750928,0.008823155386177017,0.06235617964366337,14.897275876632387,ÉLOIGNEMENT,2.5
0.10618467042270163,0.04686437801762146,0.011089670797575826,0.012133943679530797,0.015404998665305352,0.09300545230810332,0.03284992921851715,COLLISION RISK,5.0
0.18508,0.011953,0.00714,0.009014,0.0329,0.04328,1.2541,APPROCHE,1.0
0.03635,0.001859,0.0139,0.016053,0.0011,0.005345,3.329,COLLISION RISK,0.1
0.1805,0.000549,0.01194,0.015861,0.0002,0.00135,15.0,STATIONNAIRE,0.1
0.078585,0.024056,0.009645,0.011925,0.0133,0.041065,15.0,ÉLOIGNEMENT,2.5
0.09122,0.001699,0.00669,0.008031,0.0013,0.019455,15.0,STATIONNAIRE,0.1
0.15020191373967898,0.029952646225934708,0.00760041130442688,0.009667297601188318,0.010586195951360662,0.06772222586522789,15.0,ÉLOIGNEMENT,2.5
0.12808242845283135,0.04889445151797299,0.008909988896834708,0.015091073937052123,0.03393516069753854,0.11013844203163618,0.8608790749841022,APPROCHE,5.0
0.13713,0.014763,0.00839,0.011,0.0036,0.040275,4.1993,APPROCHE,1.0
0.1194031363744907,0.04870453383761692,0.025609993015121336,0.05914518568170113,0.014966997016820267,0.09531725109820001,0.07030584543053006,COLLISION RISK,5.0
0.182455,0.000211,0.008225,0.010457,0.0001,0.00291,15.0,STATIONNAIRE,0.1
0.179785,0.000188,0.009395,0.011361,0.0001,0.00128,15.0,STATIONNAIRE,0.1
0.12089047982614219,0.026435287941915922,0.013613343102560082,0.015857052857701788,0.01479539087888309,0.04106187263700498,15.0,ÉLOIGNEMENT,2.5
0.042115,0.034885,0.009175,0.010844,0.0175,0.060715,15.0,ÉLOIGNEMENT,2.5
0.1074919398126678,0.04134554518610097,0.009425967891896437,0.012015432080942986,0.008725727982991104,0.09450798916823015,14.595090657265194,STATIONNAIRE,5.0
0.02992,0.003873,0.0129,0.014437,0.0023,0.007585,15.0,COLLISION RISK,0.1
0.18647,0.010336,0.00685,0.008672,0.0329,0.032075,1.6844,APPROCHE,1.0
0.185535,0.003076,0.011225,0.014681,0.0009,0.004505,15.0,STATIONNAIRE,0.1
0.193255,0.002488,0.011825,0.014111,0.0006,0.00787,15.0,STATIONNAIRE,0.1
0.14973677053806003,0.033657415862643085,0.02509822066899888,0.05894987585905266,0.014470453535036462,0.06366757734773011,0.24565829442419349,COLLISION RISK,2.5
0.15692500346634072,0.044183326467238396,0.008055572564792949,0.011696651458217246,0.028018817903802583,0.0912779006531052,0.8946996883545384,COLLISION RISK,5.0
0.098105,0.006073,0.008655,0.010768,0.011,0.033005,2.1104,APPROCHE,1.0
0.04434406194915968,0.03735017151818667,0.006387701675542761,0.0090967673222957,0.0049712851750441656,0.06036037916619884,14.763478713963188,ÉLOIGNEMENT,2.5
0.039,0.004774,0.00699,0.008506,0.0028,0.02068,15.0,COLLISION RISK,0.1
0.124765,0.010134,0.00946,0.01152,0.0034,0.03596,5.2922,APPROCHE,1.0
0.181335,0.000318,0.012305,0.01427,0.0001,0.000195,15.0,STATIONNAIRE,0.1
0.17904,0.000413,0.01175,0.014744,0.0002,0.002505,15.0,APPROCHE,0.1
0.09196,0.007877,0.0074,0.009256,0.0088,0.024285,4.0036,APPROCHE,1.0
0.171165,0.009009,0.00862,0.009078,0.0056,0.026775,15.0,ÉLOIGNEMENT,1.0
0.1454809740020275,0.050545998926734406,0.012567178464009059,0.013363108523989711,0.02177096247032139,0.12833088328638986,14.441226363412817,ÉLOIGNEMENT,5.0
0.17644,0.004395,0.00994,0.01187,0.0048,0.009545,12.748,APPROCHE,0.1
0.12882173160505678,0.04979468239605786,0.009901934412309247,0.01023887287501928,0.007959621418884563,0.11568601930918516,1.8758697759974816,APPROCHE,5.0
0.035885,0.002554,0.014445,0.016382,0.0012,0.00483,15.0,COLLISION RISK,0.1
0.04726,0.006043,0.00746,0.008892,0.0044,0.022785,15.0,ÉLOIGNEMENT,1.0
0.180885,0.005618,0.008805,0.011299,0.0038,0.0112,15.0,APPROCHE,0.1
0.098145,0.024375,0.00911,0.01054,0.006,0.0301,15.0,ÉLOIGNEMENT,1.0
0.12176525389236513,0.028725879006143307,0.012740179568878008,0.016362431219082044,0.010474862650130905,0.04478506736326455,15.0,ÉLOIGNEMENT,2.5
0.09279043349778535,0.054085292357199576,0.022917327247222705,0.05562096306361058,0.012953874452582986,0.11217515388370668,0.013359664335911764,COLLISION RISK,5.0
0.025638023099792205,0.014121862319602763,0.00879394451604852,0.011737442123568064,0.01502789484281163,0.06916615201112762,0.24793882839729717,COLLISION RISK,2.5
0.103135,0.03954,0.009815,0.012679,0.0122,0.088825,15.0,STATIONNAIRE,2.5
0.17749,0.000968,0.00887,0.010552,0.0015,0.00272,15.0,APPROCHE,0.1
0.10056433224929363,0.06049193750272764,0.007560988496154507,0.01327816646563229,0.014714801756931385,0.1071539488487269,15.0,ÉLOIGNEMENT,5.0
0.11930535662375338,0.059245166148730696,0.010963753467741692,0.018131723142838122,0.01619629781837906,0.11896004158682179,14.744350591011214,ÉLOIGNEMENT,5.0
0.19075,0.004453,0.01147,0.015544,0.0011,0.00325,15.0,STATIONNAIRE,0.1
0.100165,0.004702,0.010035,0.011755,0.0031,0.02509,15.0,STATIONNAIRE,1.0
0.20157,0.010681,0.008985,0.011011,0.0199,0.021785,9.6516,APPROCHE,1.0
0.13257,0.013585,0.00772,0.010042,0.0036,0.039185,5.5791,APPROCHE,1.0
0.18099,0.000104,0.01162,0.012953,0.0001,0.000615,15.0,STATIONNAIRE,0.1
0.180065,0.000859,0.01091,0.012304,0.0003,0.003405,15.0,STATIONNAIRE,0.1
0.09850311625725627,0.04560355185319373,0.008982299853315423,0.0128315458443692,0.005699758647227391,0.09385286611458446,0.1332778826348865,COLLISION RISK,5.0
0.04125183275061576,0.012431604786809512,0.007494586211429947,0.008396629860486282,0.0006548124913999462,0.06678255387741895,0.7139317477786439,COLLISION RISK,2.5
0.134805,0.014253,0.00856,0.011182,0.0036,0.039675,5.2487,APPROCHE,1.0
0.03086,0.003341,0.01361,0.019323,0.0019,0.013405,15.0,COLLISION RISK,0.1
0.19103,0.00642,0.011105,0.01279,0.003,0.036135,15.0,ÉLOIGNEMENT,1.0
0.16287247603145197,0.023215840081524997,0.007997015491373447,0.009532814165544967,0.006033800033890165,0.07900923662191771,14.514192417740292,ÉLOIGNEMENT,2.5
0.204065,0.008937,0.009865,0.011174,0.0049,0.061615,15.0,ÉLOIGNEMENT,1.0
0.09965,0.012333,0.01024,0.015094,0.0132,0.021675,15.0,ÉLOIGNEMENT,1.0
0.10970807793265175,0.05701442476778956,0.011807712411689807,0.008900923077676759,0.021878533989278193,0.11514171934281765,15.0,ÉLOIGNEMENT,5.0
0.163285,0.013165,0.012955,0.015106,0.0043,0.038805,14.7316,APPROCHE,1.0
0.06234629674595663,0.046985591570320305,0.024785463313988797,0.058802880052133424,0.009297031220456903,0.12145627784943135,0.0,COLLISION RISK,5.0
0.13513,0.023893,0.010435,0.012248,0.006,0.04634,15.0,ÉLOIGNEMENT,2.5
0.18587,0.002496,0.0112,0.0143,0.0006,0.00212,15.0,STATIONNAIRE,0.1
0.07880712337203434,0.03240016659813911,0.010761621957526744,0.009956359650747511,0.011864302294154895,0.08965440877388078,0.8160132163840463,COLLISION RISK,2.5
0.11496568688800632,0.04395241489700897,0.010486188999127607,0.01015182237963019,0.01121857110247061,0.0927725430685013,0.0350451548809354,COLLISION RISK,5.0
0.15473750928499483,0.025095780131880664,0.016955555898384343,0.01601488401667381,0.012307821455326677,0.06714178907439064,14.725704965284661,ÉLOIGNEMENT,2.5
0.15035205904704319,0.026250957377849868,0.050695136838630174,0.14546384996994405,0.005342023861296202,0.05729101979345557,0.6408562931236647,COLLISION RISK,5.0
0.11023027419414476,0.05323570819776073,0.025460201151596817,0.060615401014684475,0.02125070304810892,0.09913082017010923,0.6845471930139322,COLLISION RISK,5.0
0.131185,0.051154,0.010355,0.013277,0.0122,0.109375,1.394,APPROCHE,5.0
0.13920251311929885,0.033819804948996585,0.005403047720839901,0.008780257768042022,0.017729870254419508,0.07595588989324664,15.0,ÉLOIGNEMENT,2.5
0.1299592573183007,0.044815305647694065,0.024954198864312653,0.06001170903854196,0.017921011712335174,0.07843003991570967,0.5895794639662919,COLLISION RISK,5.0
0.202245,0.009972,0.008325,0.010606,0.0199,0.02297,10.1604,APPROCHE,1.0
0.1509223039857705,0.04682253362938914,0.007076259748916146,0.013087004972439701,0.035662643045478414,0.10124029841641309,0.9809163544932096,COLLISION RISK,5.0
0.09744998545432082,0.0539230830460813,0.01196383233322064,0.015747110174768684,0.018769845865051895,0.10271665228754989,14.823212721098317,ÉLOIGNEMENT,5.0
0.17981,0.000716,0.01127,0.012644,0.0003,0.00307,15.0,STATIONNAIRE,0.1
0.15415,0.015942,0.00859,0.010821,0.0055,0.03457,1.9966,APPROCHE,1.0
0.181195,0.000213,0.00853,0.010273,0.0001,0.001315,15.0,STATIONNAIRE,0.1
0.155785,0.016815,0.011225,0.01286,0.005,0.044895,15.0,ÉLOIGNEMENT,1.0
0.1628896093401789,0.025564792930542944,0.007649487275159286,0.010783230235585157,0.009342828780563826,0.08043153598200774,14.695940291096832,ÉLOIGNEMENT,2.5
0.19459,0.002348,0.010085,0.01224,0.0018,0.025655,15.0,STATIONNAIRE,1.0
0.15890893976288983,0.03976069289057678,0.012947340486993919,0.015544705528985722,0.026162126206922376,0.11644404016959284,15.0,ÉLOIGNEMENT,5.0
0.089685,0.011184,0.01127,0.014237,0.0036,0.033565,15.0,ÉLOIGNEMENT,1.0
0.185685,0.010307,0.00662,0.007485,0.0329,0.02286,2.0881,APPROCHE,1.0
0.180965,0.000427,0.01067,0.015201,0.0002,0.001035,15.0,STATIONNAIRE,0.1
0.19474,0.011328,0.008875,0.011005,0.0023,0.009285,14.0714,APPROCHE,1.0
0.203305,0.005466,0.009375,0.011253,0.0011,0.011495,15.0,STATIONNAIRE,0.1
0.1325758254344813,0.04320442310180999,0.010818418414518503,0.010349748734807237,0.022375227708966106,0.07630024258723846,0.6935457898592868,COLLISION RISK,2.5
0.139045,0.022882,0.010975,0.012719,0.006,0.046915,15.0,ÉLOIGNEMENT,2.5
0.18039,0.001031,0.01163,0.013175,0.0004,0.003735,15.0,STATIONNAIRE,0.1
0.076155,0.024364,0.009465,0.011688,0.0133,0.04188,15.0,ÉLOIGNEMENT,2.5
0.019275,0.004641,0.008875,0.010625,0.0016,0.00909,15.0,COLLISION RISK,0.1
0.16588,0.022915,0.024925,0.059168,0.014,0.041985,0.7491,COLLISION RISK,2.5
0.08555,0.021345,0.009465,0.011766,0.0133,0.043695,15.0,STATIONNAIRE,2.5
0.18103,0.000171,0.010465,0.01195,0.0001,0.00099,15.0,STATIONNAIRE,0.1
0.18676,0.00263,0.0112,0.014213,0.0006,0.00198,15.0,STATIONNAIRE,0.1
0.182555,0.00012,0.007405,0.009925,0.0001,0.002425,15.0,STATIONNAIRE,0.1
0.1695,0.007876,0.00778,0.00958,0.0048,0.018425,3.3114,APPROCHE,1.0
0.13687153875833175,0.021373662151489944,0.0113343092043738,0.01111526090018253,0.007563976998902444,0.0481405309607374,14.61062130344021,ÉLOIGNEMENT,2.5
0.10027807365714798,0.04629995405537366,0.009096821345601934,0.01285108537922475,0.006035659544846571,0.09166318380472122,0.7463261096057549,COLLISION RISK,5.0
0.09299,0.00412,0.00849,0.009655,0.0022,0.02697,15.0,STATIONNAIRE,1.0
0.1981737442623284,0.015917477516498642,0.007703551970646682,0.010049030896581105,0.02761689073063866,0.06211149951549148,14.330280911784548,STATIONNAIRE,2.5
0.10788421447870425,0.04555057591449981,0.009627987766370031,0.015095915978079601,0.01848390623972869,0.09192860805063147,15.0,STATIONNAIRE,5.0
0.000275,0.003972,0.01152,0.015328,0.0012,0.022085,15.0,COLLISION RISK,1.0
0.06964450340912748,0.02559157664898067,0.010948875151980876,0.012084210306845016,0.014312621573948435,0.04982610335013178,14.783266004932543,STATIONNAIRE,2.5
0.18051,0.000228,0.00916,0.011569,0.0001,0.00054,15.0,APPROCHE,0.1
0.065505,0.001561,0.01288,0.015751,0.0026,0.016875,4.606,APPROCHE,0.1
0.195215,0.001166,0.009555,0.011587,0.0011,0.020055,15.0,STATIONNAIRE,0.1
0.18239,0.000253,0.008225,0.010702,0.0001,0.00301,15.0,STATIONNAIRE,0.1
0.011775,0.01601,0.007675,0.010207,0.0063,0.07699,-0.1106,COLLISION RISK,2.5
0.08066,0.05618,0.00888,0.01025,0.0161,0.09718,15.0,ÉLOIGNEMENT,5.0
0.09219,0.002207,0.0074,0.009117,0.0005,0.00688,15.0,STATIONNAIRE,0.1
0.07868,0.013341,0.00662,0.008387,0.0088,0.02962,2.4404,APPROCHE,1.0
0.10043521830875829,0.04006305912278303,0.010507291706909673,0.01210442075987433,0.012280923291986356,0.0995267943921339,0.7536435093863232,COLLISION RISK,5.0
0.17817,0.002207,0.008635,0.010737,0.0106,0.007035,1.1412,APPROCHE,0.1
0.180345,0.002118,0.00838,0.008776,0.0064,0.007125,1.9905,APPROCHE,0.1
0.20068,0.011502,0.009455,0.011245,0.0023,0.020125,9.3456,APPROCHE,1.0
0.180595,0.000712,0.012695,0.013281,0.0002,0.00208,15.0,STATIONNAIRE,0.1
0.026995,0.00119,0.01053,0.012203,0.0023,0.00614,15.0,COLLISION RISK,0.1
0.09131,0.010687,0.01157,0.014544,0.0036,0.03315,15.0,ÉLOIGNEMENT,1.0
0.10012370589462921,0.0374025759047627,0.05018293272004129,0.14709158696387456,0.023367496515495037,0.094530209472102,0.0,COLLISION RISK,5.0
0.13895479742661312,0.05249185095238795,0.024199629430400615,0.05781976948121006,0.018351196836039106,0.0800610804986319,0.9519505392673625,COLLISION RISK,5.0
0.17430791655601158,0.01977039840145236,0.015172443201701129,0.01578525332748537,0.007505047434161366,0.06133762842957891,15.0,ÉLOIGNEMENT,2.5
0.191225,0.010605,0.008215,0.010496,0.0038,0.010665,12.904,APPROCHE,1.0
0.18067,0.000276,0.00807,0.008894,0.0001,0.00112,15.0,STATIONNAIRE,0.1
0.18608,0.003239,0.011045,0.014498,0.0009,0.004435,15.0,STATIONNAIRE,0.1
0.04909107682672917,0.03758648103443302,0.011257975725718006,0.016111221781598243,0.013387140542063301,0.11769048776204678,0.12596129913257384,COLLISION RISK,5.0
0.026515,0.003861,0.00811,0.010441,0.0028,0.04597,0.9937,COLLISION RISK,1.0
0.174835,0.030819,0.011235,0.012632,0.011,0.103945,15.0,ÉLOIGNEMENT,2.5
0.14366,0.032451,0.05073,0.145899,0.0087,0.065515,0.7047,COLLISION RISK,5.0
0.179955,0.000307,0.009755,0.012626,0.0001,0.001465,15.0,STATIONNAIRE,0.1
0.01434,0.003342,0.008085,0.00943,0.0027,0.016835,15.0,COLLISION RISK,0.1
0.181265,0.00018,0.00824,0.009897,0.0001,0.001355,15.0,STATIONNAIRE,0.1
0.179225,0.000591,0.009495,0.0113,0.0002,0.003305,15.0,STATIONNAIRE,0.1
0.020975,0.010949,0.008725,0.009999,0.0175,0.023415,15.0,ÉLOIGNEMENT,1.0
0.065155,0.001475,0.011635,0.014142,0.0026,0.016185,4.8817,APPROCHE,0.1
0.12701146411414385,0.048325875762515166,0.025868475790353812,0.061593178135447804,0.02043786828659607,0.09354745015803413,0.04895504446974824,COLLISION RISK,5.0
0.190195,0.018051,0.0071,0.009133,0.0199,0.06778,15.0,ÉLOIGNEMENT,2.5
0.19557,0.002097,0.01116,0.012611,0.0017,0.02458,15.0,STATIONNAIRE,1.0
0.192535,0.006129,0.010935,0.01185,0.0031,0.037245,15.0,ÉLOIGNEMENT,1.0
0.11869,0.00679,0.00874,0.01081,0.0032,0.031095,9.3895,APPROCHE,1.0
0.027218595765326887,0.010179564049417155,0.007336243657888399,0.012091460359450303,0.01943890409256525,0.06703388716778992,0.5030564271625745,COLLISION RISK,2.5
0.06036,0.004138,0.01282,0.02228,0.0034,0.01383,1.2626,COLLISION RISK,0.1
0.09829,0.006417,0.01086,0.01372,0.0031,0.028095,15.0,ÉLOIGNEMENT,1.0
0.1112817431433574,0.059203842356403615,0.009728221510003956,0.01345138520360659,0.007546440107131382,0.11155392874125705,15.0,ÉLOIGNEMENT,5.0
0.0548874986193314,0.04577029625684146,0.00970860045337607,0.010695892362341725,0.022831434265892805,0.07379332821574895,15.0,ÉLOIGNEMENT,5.0
0.07791,0.011566,0.00845,0.009885,0.0072,0.044925,15.0,ÉLOIGNEMENT,1.0
0.09010862681193765,0.05572798841095615,0.022454855778317614,0.0584350593916428,0.002030328285120288,0.11153295186334673,0.14103211979249514,COLLISION RISK,5.0
0.18296,0.001346,0.011245,0.013094,0.0004,0.001875,15.0,STATIONNAIRE,0.1
0.15044854882477213,0.04859334657546646,0.011619645309078932,0.012378843045314458,0.014855731607496524,0.12355028347135552,14.98287064747537,ÉLOIGNEMENT,5.0
0.169335,0.015269,0.05151,0.145994,0.0085,0.030435,1.4844,APPROCHE,2.5
0.03570170573911315,0.013059922834086891,0.009118824056554724,0.010115963041658979,0.013999291545862037,0.06698650254847192,0.7557812647926305,COLLISION RISK,2.5
0.158575,0.015721,0.011165,0.01281,0.005,0.043435,15.0,STATIONNAIRE,1.0
0.15407761195157307,0.03407549567277875,0.007282281560792922,0.006866762987559252,0.015082388626355052,0.08053517874026005,15.0,ÉLOIGNEMENT,2.5
0.131926591109663,0.049612838961052855,0.011093922532891773,0.009735532170452206,0.020556094510158336,0.126555551779647,15.0,ÉLOIGNEMENT,5.0
0.056405,0.032449,0.00972,0.011438,0.0107,0.097115,0.2416,COLLISION RISK,2.5
0.10164551196153748,0.05994379613881695,0.010369323843167563,0.012645085700039225,0.02008632520541376,0.1113629726168279,14.970983070705904,ÉLOIGNEMENT,5.0
0.17815,0.01265,0.01489,0.026455,0.0037,0.027755,3.5464,APPROCHE,1.0
0.16151,0.028668,0.00759,0.009541,0.0078,0.07876,15.0,ÉLOIGNEMENT,2.5
0.19541,0.002168,0.011695,0.012483,0.0007,0.01428,15.0,STATIONNAIRE,0.1
0.06120244010706797,0.023151351802618937,0.00962716525823742,0.015164528352865834,0.009295697052339931,0.04531245694742918,13.95606328280684,ÉLOIGNEMENT,2.5
0.180335,0.000497,0.01163,0.014766,0.0002,0.001455,15.0,APPROCHE,0.1
0.16232939687877027,0.032966417039823066,0.009449572645220007,0.012655759930435015,0.019177261724869846,0.1138972076903536,14.620622050897545,ÉLOIGNEMENT,5.0
0.070955,0.005501,0.012825,0.014713,0.0019,0.022445,5.8582,APPROCHE,1.0
0.178275,0.002846,0.00809,0.009936,0.0038,0.00955,15.0,APPROCHE,0.1
0.12369741870541538,0.04610648081015056,0.008286108900372444,0.012868852007507738,0.0,0.07396210547607814,0.24988651533411793,COLLISION RISK,2.5
0.19283,0.003426,0.009685,0.011741,0.0007,0.006455,15.0,STATIONNAIRE,0.1
0.03504309399222769,0.007393629319582873,0.011110351899601864,0.011279135570948975,0.0,0.07884819801667915,1.648131003381485,COLLISION RISK,2.5
0.044575,0.009029,0.01395,0.023924,0.0034,0.02424,3.1823,COLLISION RISK,1.0
0.06555,0.014575,0.016235,0.022619,0.0074,0.034845,15.0,ÉLOIGNEMENT,1.0
0.182495,0.000209,0.008825,0.011094,0.0001,0.0019,15.0,STATIONNAIRE,0.1
0.09898441324886209,0.03208918874196416,0.010398135254019752,0.01202781528916019,0.0017008606071145637,0.060780874186149886,15.0,ÉLOIGNEMENT,2.5
0.181885,0.000478,0.01065,0.012346,0.0002,0.003365,15.0,STATIONNAIRE,0.1
0.08925317483419722,0.02648305225590037,0.009894693176144909,0.013378057688564631,0.0051625016545515596,0.0691112587151083,14.219125911438622,ÉLOIGNEMENT,2.5
0.18537,0.0016,0.008295,0.010244,0.001,0.0119,15.0,STATIONNAIRE,0.1
0.05984,0.004951,0.01294,0.022379,0.0034,0.015265,2.0424,COLLISION RISK,1.0
0.091355,0.001684,0.00741,0.009142,0.0005,0.01024,15.0,STATIONNAIRE,0.1
0.06344,0.013048,0.00754,0.009263,0.0046,0.028955,15.0,COLLISION RISK,1.0
0.182875,0.002167,0.01144,0.013972,0.0006,0.00441,15.0,STATIONNAIRE,0.1
0.05338,0.01384,0.00901,0.010872,0.0104,0.02672,15.0,ÉLOIGNEMENT,1.0
0.16049,0.022665,0.05126,0.145941,0.0085,0.04306,0.96,COLLISION RISK,2.5
0.18062,0.000214,0.008445,0.010386,0.0001,0.00049,15.0,APPROCHE,0.1
0.18246,0.000244,0.00966,0.012295,0.0001,0.001735,15.0,STATIONNAIRE,0.1
0.029995,0.027011,0.007595,0.00936,0.0092,0.097645,-0.051,COLLISION RISK,2.5
0.04892,0.007837,0.00733,0.008846,0.0038,0.0248,15.0,COLLISION RISK,1.0
0.03346,0.006844,0.013375,0.016297,0.0057,0.014395,15.0,ÉLOIGNEMENT,1.0
0.17184549696233076,0.025986141332653073,0.006901952641196157,0.011238570939478517,0.0041793824705834235,0.08257211501619248,14.865350909071536,ÉLOIGNEMENT,2.5
0.18092,0.000605,0.009845,0.012518,0.0002,0.001695,15.0,STATIONNAIRE,0.1
0.06134,0.01252,0.00754,0.009263,0.0046,0.027175,1.5066,COLLISION RISK,1.0
0.157165,0.031482,0.025065,0.059447,0.014,0.054875,0.5893,COLLISION RISK,2.5
0.12994,0.029583,0.01331,0.017077,0.0132,0.04953,15.0,ÉLOIGNEMENT,2.5
0.17976,0.000136,0.010315,0.012362,0.0001,0.00053,15.0,STATIONNAIRE,0.1
0.18591,0.000801,0.01051,0.013654,0.0006,0.00925,15.0,STATIONNAIRE,0.1
0.14286504385593352,0.032769536303466636,0.05052043457782808,0.14696449874435794,0.011521933863169739,0.06298779855238962,1.4131383597242215,COLLISION RISK,5.0
0.05377,0.010771,0.0075,0.00926,0.0046,0.0281,15.0,COLLISION RISK,1.0
0.127945,0.048333,0.02598,0.059068,0.014,0.08515,0.3754,COLLISION RISK,5.0
0.17969,0.000521,0.01241,0.015084,0.0002,0.00109,15.0,APPROCHE,0.1
0.044350726196760205,0.03820312796122784,0.008279706946228012,0.008468591504266564,0.011218127863641951,0.0584792713131039,15.0,ÉLOIGNEMENT,2.5
0.14089139115169244,0.03459395680762096,0.05112052423132057,0.14631111285411952,0.005733873972859698,0.07010288965251861,0.9076683711333156,COLLISION RISK,5.0
0.07017051788602466,0.0302738732310791,0.011894017054083501,0.013101875338328269,0.016844839407495947,0.05313500970199242,15.0,ÉLOIGNEMENT,2.5
0.09347739750951262,0.05692909432767993,0.010217163717934628,0.016010016042239096,0.02798612478569791,0.10885171438010302,14.572315737215536,ÉLOIGNEMENT,5.0
0.081215,0.007879,0.012115,0.013904,0.0031,0.02831,2.6046,APPROCHE,1.0
0.17068,0.014919,0.00804,0.009398,0.0091,0.02955,1.0953,APPROCHE,1.0
0.182345,0.000273,0.008345,0.010741,0.0001,0.003065,15.0,STATIONNAIRE,0.1
0.00495,0.005686,0.010475,0.014315,0.0012,0.01007,15.0,COLLISION RISK,0.1
0.166225,0.00982,0.00748,0.009797,0.0055,0.02384,2.1493,APPROCHE,1.0
0.12611999414350003,0.02880406518095485,0.015192460071964183,0.01687402495610816,0.0015126989200730228,0.04914355028788726,15.0,ÉLOIGNEMENT,2.5
0.18094,0.000185,0.01051,0.011416,0.0001,0.001265,15.0,STATIONNAIRE,0.1
0.1379837348051853,0.05735946479074204,0.009334296176143692,0.011837021472644324,0.011956753686102443,0.12571863857247806,15.0,ÉLOIGNEMENT,5.0
0.16270837885222378,0.02094703941764092,0.015545269176369343,0.01917430658200286,0.01689994665872834,0.06128444208973095,14.662650738184247,ÉLOIGNEMENT,2.5
0.121545,0.008384,0.00953,0.011438,0.0034,0.033175,3.3868,APPROCHE,1.0
0.03377,0.021112,0.00877,0.010929,0.0074,0.07955,0.2119,COLLISION RISK,2.5
0.13775532824611633,0.043864176188872624,0.011843333921173963,0.01905011027480018,0.017216960277656245,0.12596923443288843,15.0,ÉLOIGNEMENT,5.0
0.00511,0.010585,0.007865,0.010389,0.0048,0.064405,-0.093,COLLISION RISK,1.0
0.138515,0.03459,0.05102,0.145797,0.0087,0.07081,0.6059,COLLISION RISK,5.0
0.16652,0.010343,0.011345,0.013699,0.0043,0.035795,6.0346,APPROCHE,1.0
0.063145,0.014492,0.015765,0.022266,0.0074,0.034065,15.0,ÉLOIGNEMENT,1.0
0.092365,0.003393,0.00782,0.009181,0.0019,0.025005,15.0,STATIONNAIRE,0.1
0.02917,0.003697,0.016715,0.022334,0.0057,0.011415,15.0,COLLISION RISK,1.0
0.08941439655466178,0.055370045734691474,0.025910208655260614,0.05729009124924074,0.016558974913518133,0.1109358995605436,0.2957579665914759,COLLISION RISK,5.0
0.083485,0.022555,0.009465,0.011766,0.0133,0.04396,4.1584,APPROCHE,2.5
0.088735,0.057691,0.00967,0.011315,0.0161,0.102625,15.0,ÉLOIGNEMENT,5.0
0.1224506609856297,0.03969931666313151,0.049437169914324064,0.14522613002889156,0.0,0.09160949235005629,0.28919113652227174,COLLISION RISK,5.0
0.17972,0.000117,0.008805,0.010803,0.0001,0.00112,15.0,STATIONNAIRE,0.1
0.1879286290687284,0.024904315853498532,0.0101564271685421,0.014835054157423196,0.008937779048633725,0.10486984393826823,14.632327944511713,ÉLOIGNEMENT,2.5
0.182825,0.007049,0.007845,0.010365,0.0038,0.0117,15.0,APPROCHE,0.1
0.142805,0.021697,0.010915,0.012696,0.0059,0.047,15.0,ÉLOIGNEMENT,2.5
0.17028450859547997,0.024436507937011655,0.006697646084039523,0.011998555247127032,0.03913295687067157,0.08021563502080975,1.2152299201446761,COLLISION RISK,2.5
0.1673238165909506,0.02132403638751507,0.0069242240807566875,0.009252769526167319,0.0043631282334867395,0.06200728527585242,15.0,ÉLOIGNEMENT,2.5
0.17462950290572243,0.01627424681350343,0.005327111156468573,0.006248647967955838,0.00493250609058043,0.0645460480144319,15.0,ÉLOIGNEMENT,2.5
0.12250248779679612,0.028662538378483645,0.010968736257535808,0.012313504623612328,0.013117069093944724,0.04492716528501614,14.693218704447027,ÉLOIGNEMENT,2.5
0.097545,0.03543,0.010105,0.012797,0.0122,0.08414,15.0,STATIONNAIRE,2.5
0.16016965065859004,0.023277848826003988,0.05319269415586796,0.14745584244157448,0.0169233852471897,0.0409483160490987,0.8998320582152668,COLLISION RISK,2.5
0.19563,0.001895,0.011095,0.012404,0.0008,0.01612,15.0,STATIONNAIRE,0.1
0.168735,0.006933,0.0106,0.011408,0.0056,0.02847,15.0,ÉLOIGNEMENT,1.0
0.18117,0.000738,0.010265,0.012867,0.0003,0.00181,15.0,STATIONNAIRE,0.1
0.181985,0.001131,0.01025,0.011772,0.0003,0.00167,15.0,STATIONNAIRE,0.1
0.1515579096662545,0.02552867707565604,0.016107129207507384,0.02014848968180753,0.013382873101593988,0.060794955420634345,15.0,ÉLOIGNEMENT,2.5
0.068305,0.037511,0.0105,0.012148,0.0107,0.100645,0.3027,COLLISION RISK,2.5
0.1863586893685325,0.015401520341267213,0.006580186456070255,0.01151349349478325,0.03867674414210416,0.05541956933247639,1.326996443983814,APPROCHE,2.5
0.16941,0.007463,0.00982,0.011545,0.0056,0.02522,15.0,ÉLOIGNEMENT,1.0
0.16197977866198157,0.046311879519489785,0.011126893483826752,0.014664219300694812,0.011236070939290436,0.12114555054656946,14.804643307673187,ÉLOIGNEMENT,5.0
0.18131,0.000821,0.011045,0.013525,0.0003,0.001845,15.0,STATIONNAIRE,0.1
0.181195,0.000275,0.00861,0.009257,0.0001,0.001495,15.0,STATIONNAIRE,0.1
0.0629296251115215,0.04565131430765935,0.011274728424617152,0.01545651733451092,0.01624411708252383,0.08036473025728628,15.0,ÉLOIGNEMENT,5.0
0.0766369998351572,0.02593708824175873,0.008938695352491245,0.012115334838858299,0.01817613655386397,0.045475924115973156,14.715695958580328,ÉLOIGNEMENT,2.5
0.17737,0.001044,0.00875,0.010561,0.0038,0.00511,15.0,APPROCHE,0.1
0.060735,0.014515,0.015825,0.022288,0.0074,0.033415,15.0,ÉLOIGNEMENT,1.0
0.18058,0.000214,0.00964,0.012102,0.0001,0.0005,15.0,APPROCHE,0.1
0.18269158212213266,0.02040020439420607,0.005653897659411107,0.009867256898406932,0.02496665410617621,0.0718807388877758,14.962493820190932,ÉLOIGNEMENT,2.5
0.11604,0.057288,0.011085,0.016084,0.0175,0.117825,15.0,ÉLOIGNEMENT,5.0
0.070145,0.005032,0.012355,0.014437,0.0019,0.021935,2.7394,APPROCHE,1.0
0.14064,0.048787,0.010725,0.012465,0.0152,0.12669,15.0,ÉLOIGNEMENT,5.0
0.03213270206697523,0.029222865854810556,0.006984089194564345,0.006525987930086813,0.02058820835577035,0.05752241376537636,14.481399293007668,ÉLOIGNEMENT,2.5
0.059385,0.01219,0.00743,0.009232,0.0046,0.02655,2.1133,COLLISION RISK,1.0
-0.000905,0.002682,0.01181,0.015364,0.0014,0.03092,15.0,COLLISION RISK,1.0
0.10646,0.052655,0.02585,0.058746,0.014,0.101355,0.2718,COLLISION RISK,5.0
0.18548,0.000992,0.01223,0.014747,0.0003,0.00343,15.0,STATIONNAIRE,0.1
0.13968,0.021215,0.00745,0.009524,0.0055,0.04383,2.1886,APPROCHE,1.0
0.08395133508688223,0.04243393660030755,0.01080462801875831,0.014372742279115499,0.002808993545430854,0.09919091040203809,0.5278907059583803,COLLISION RISK,5.0
0.13971562233998291,0.033181343462816,0.049237973410062925,0.14707966294823205,0.0,0.07204142753168337,1.3409426932258839,COLLISION RISK,5.0
0.12137045542036619,0.05566690283705445,0.01186907255528921,0.01617473091057326,0.008926856580734856,0.1219520563923023,14.820400412350443,ÉLOIGNEMENT,5.0
0.13906879121392324,0.0511697367730029,0.009554315320892463,0.012112310501176332,0.019524136827165375,0.1248049915536113,15.0,ÉLOIGNEMENT,5.0
-0.00081,0.002934,0.009955,0.013391,0.0025,0.04106,15.0,COLLISION RISK,1.0
0.1269800485756369,0.05256455134044972,0.009093680867474923,0.014661604646762836,0.016292815800473488,0.089585034353529,2.1481555900532654,APPROCHE,5.0
0.07703,0.006888,0.011755,0.013802,0.0018,0.02591,3.5307,APPROCHE,1.0
0.10785207435845802,0.040041707986450986,0.04994414676703442,0.14910277029264732,0.023901096992079155,0.09639520587080642,0.3320045746963888,COLLISION RISK,5.0
0.191125,0.003572,0.009475,0.012249,0.0007,0.004285,15.0,STATIONNAIRE,0.1
0.118105,0.025789,0.01312,0.017137,0.0132,0.040725,15.0,ÉLOIGNEMENT,2.5
0.105905,0.013389,0.00878,0.010076,0.0042,0.044875,3.924,APPROCHE,1.0
0.08085,0.023692,0.00972,0.011517,0.0104,0.048935,15.0,ÉLOIGNEMENT,2.5
0.169335,0.007361,0.00934,0.010782,0.0056,0.02509,15.0,ÉLOIGNEMENT,1.0
0.10654800144442621,0.06244074761208266,0.008890999453497351,0.014945768112735534,0.02471486648591805,0.11343956961505416,14.52788655847085,ÉLOIGNEMENT,5.0
0.16996,0.0162,0.01331,0.025542,0.0037,0.033235,3.1452,APPROCHE,1.0
0.08793489230206702,0.022638878658374054,0.006424074553768731,0.01265439806894322,0.007312150704691117,0.053120928387375456,15.0,ÉLOIGNEMENT,2.5
0.042514137127303266,0.016754428707797704,0.010393902537786956,0.009606448998154262,0.0,0.07392515300570351,0.4892567310789202,COLLISION RISK,2.5
0.06028,0.001615,0.007875,0.009892,0.002,0.00987,15.0,ÉLOIGNEMENT,0.1
0.1540163938987061,0.04818295033577338,0.009950903932737346,0.010768273627657435,0.03149355319810207,0.09804013261933892,1.5162481936780534,COLLISION RISK,5.0
0.07973,0.007437,0.011935,0.013745,0.0031,0.02734,2.6858,APPROCHE,1.0
0.1851,0.002129,0.009965,0.010942,0.0007,0.002105,15.0,STATIONNAIRE,0.1
0.13667863574578165,0.03694827192222334,0.05115670355372093,0.14593949982524557,0.01343480415088007,0.07360076846872585,0.4956958838126396,COLLISION RISK,5.0
0.18108,0.000181,0.01082,0.012711,0.0001,0.000265,15.0,STATIONNAIRE,0.1
0.14218712849799298,0.022152596618778952,0.011997333361077622,0.014320184258352128,0.0,0.04492139521107336,14.386500509716065,ÉLOIGNEMENT,2.5
0.15667,0.026591,0.015425,0.018435,0.0132,0.064555,15.0,ÉLOIGNEMENT,2.5
0.079955,0.014715,0.00804,0.009221,0.006,0.037995,15.0,ÉLOIGNEMENT,1.0
0.11944826332356574,0.06079223148974443,0.011644602336694053,0.012583413599380266,0.01747820448300713,0.11970150408198517,14.801315670427837,ÉLOIGNEMENT,5.0
0.14231,0.048464,0.012045,0.01689,0.0152,0.12846,15.0,ÉLOIGNEMENT,5.0
0.01355,0.002464,0.00684,0.008195,0.0013,0.017205,15.0,COLLISION RISK,0.1
0.030575,0.00519,0.016735,0.022419,0.0057,0.01287,15.0,COLLISION RISK,1.0
0.181635,0.001578,0.00664,0.007322,0.0004,0.00377,15.0,STATIONNAIRE,0.1
0.108055,0.005061,0.00985,0.01148,0.0045,0.02037,2.3137,APPROCHE,1.0
0.017398411278908926,0.022979431746985305,0.007307038532203551,0.009340560948569613,0.012811298108171325,0.08151201100705445,0.0,COLLISION RISK,2.5
0.08377913805447625,0.022194086841712653,0.00868282386896688,0.014458669253062585,0.003564858218813487,0.04090175976564699,3.1982668856553063,APPROCHE,2.5
0.20791,0.003616,0.00965,0.01105,0.0029,0.04493,15.0,ÉLOIGNEMENT,1.0
0.11477265559606666,0.04390735641741979,0.011636054247996944,0.015244311109118258,0.016226222076078836,0.09461109764271453,2.8049467625934557,APPROCHE,5.0
0.188535,0.022003,0.011065,0.012506,0.0088,0.08967,15.0,ÉLOIGNEMENT,2.5
0.13109,0.024676,0.010725,0.012319,0.006,0.04544,15.0,ÉLOIGNEMENT,2.5
0.18984,0.007471,0.011475,0.01292,0.0033,0.03839,15.0,ÉLOIGNEMENT,1.0
0.181285,0.001481,0.011455,0.013399,0.0005,0.004275,15.0,STATIONNAIRE,0.1
0.08061543516781847,0.04170582322092338,0.01107691889838668,0.012712098351244676,0.0,0.10038301680076654,0.2981689821482905,COLLISION RISK,5.0
0.181035,0.000101,0.01015,0.010971,0.0001,0.0012,15.0,STATIONNAIRE,0.1
0.10576771438822502,0.04556866064665925,0.050562208165258915,0.14548400688203414,0.010991034365045903,0.09388045858299038,0.6323888370965532,COLLISION RISK,5.0
0.02991525841901676,0.02540855495093571,0.00767174814429312,0.00949506425647993,0.0036397213850469104,0.09650963784446062,0.0,COLLISION RISK,2.5
0.049585,0.013929,0.01546,0.021785,0.0074,0.02532,15.0,ÉLOIGNEMENT,1.0
0.1337906866064064,0.0275418136572978,0.005910120727220195,0.005823338166589606,0.005624548499719365,0.059092604081278435,15.0,ÉLOIGNEMENT,2.5
0.15435682093426276,0.04354718369521238,0.009221653182697397,0.011421147278725266,0.027141032018518113,0.09904004600688779,1.064286344320122,COLLISION RISK,5.0
0.179275,0.000468,0.01178,0.014245,0.0002,0.0025,15.0,APPROCHE,0.1
0.07706913740771978,0.03883355457582107,0.010658564065603178,0.0085787075395122,0.0,0.09975561333631192,0.4334860564506354,COLLISION RISK,5.0
0.12659,0.011076,0.00915,0.011333,0.0036,0.036525,4.234,APPROCHE,1.0
0.08381889269013534,0.041746468632294316,0.011144043925323727,0.012061393487056283,0.016812872478205662,0.09847470980090367,0.2604312935932081,COLLISION RISK,5.0
0.08282,0.008512,0.01128,0.012642,0.0037,0.0284,2.5331,APPROCHE,1.0
0.16856,0.007133,0.01084,0.011816,0.0056,0.032165,15.0,ÉLOIGNEMENT,1.0
0.0516,0.014238,0.01528,0.021627,0.0074,0.026115,15.0,ÉLOIGNEMENT,1.0
0.055955,0.014476,0.01421,0.020939,0.0074,0.03003,15.0,ÉLOIGNEMENT,1.0
0.20160091248339826,0.013059087924020574,0.00751709470646169,0.00933659278871287,0.025301371953491417,0.06049031384767572,15.0,STATIONNAIRE,2.5
0.185385,0.004971,0.02042,0.032003,0.0035,0.017875,5.417,APPROCHE,1.0
0.10908016245512715,0.05533917054394141,0.02618206756710598,0.05995938708341852,0.019391890752109404,0.10314419120735296,0.02216051506971589,COLLISION RISK,5.0
0.168815,0.00695,0.00999,0.01136,0.0056,0.02784,15.0,ÉLOIGNEMENT,1.0
0.184535,0.009458,0.0068,0.007592,0.0329,0.01981,3.2921,APPROCHE,1.0
0.07561,0.053012,0.011455,0.016155,0.0175,0.0937,15.0,ÉLOIGNEMENT,5.0
0.16662485840954663,0.024249467004962055,0.008596781153132584,0.011941669083781217,0.008768119355273416,0.0783402028915757,15.0,ÉLOIGNEMENT,2.5
0.1131488565000241,0.04724476053784637,0.00990344656252763,0.017303386655394777,0.020755619488874694,0.09221879526958378,3.659750607557811,APPROCHE,5.0
0.17703,0.003967,0.00982,0.011777,0.0048,0.00937,15.0,STATIONNAIRE,0.1
0.08807,0.042477,0.00997,0.011808,0.0107,0.09942,0.3014,COLLISION RISK,5.0
0.06142,0.030439,0.00946,0.010656,0.0087,0.09192,0.501,COLLISION RISK,2.5
0.03141,0.005719,0.01416,0.017544,0.0057,0.012365,15.0,COLLISION RISK,1.0
0.18193,0.000456,0.0102,0.012653,0.0001,0.00065,15.0,STATIONNAIRE,0.1
0.092865,0.010082,0.01193,0.014698,0.0036,0.03254,15.0,ÉLOIGNEMENT,1.0
0.11318658238227172,0.05053784079187821,0.027292931283656847,0.06012321836787099,0.020105968801061015,0.09453741753772332,0.0,COLLISION RISK,5.0
0.051036236425206466,0.04022385805174993,0.013232258270320646,0.016992053211078793,0.01738197518233365,0.10880784744063476,0.19507705497908873,COLLISION RISK,5.0
0.13254547082561857,0.05286207833851731,0.009658066653795233,0.013045301721698037,0.013503285857884063,0.10989136411700633,1.0615320456781339,APPROCHE,5.0
0.1457591745457945,0.03364941500495714,0.012265140996816283,0.01908852359517694,0.00559187093014159,0.06034803960917982,14.505063341821181,ÉLOIGNEMENT,2.5
0.11195,0.002014,0.00832,0.010312,0.0045,0.01846,10.6915,APPROCHE,0.1
0.14323268051060006,0.028340719140095966,0.011978588467594663,0.014471326582725296,0.0,0.052500417351008896,14.493463797749719,ÉLOIGNEMENT,2.5
0.08126703196899496,0.0582389553708701,0.012611902267206434,0.009427569055264099,0.021056283028649037,0.09534328979647676,14.906151772017035,ÉLOIGNEMENT,5.0
0.20651,0.005892,0.00927,0.010347,0.0038,0.052995,15.0,ÉLOIGNEMENT,1.0
0.18439,0.001838,0.010435,0.011927,0.0006,0.002045,15.0,STATIONNAIRE,0.1
0.17826,0.01537,0.013925,0.015215,0.0054,0.05229,15.0,ÉLOIGNEMENT,1.0
0.137075,0.049832,0.009565,0.012493,0.0329,0.106415,1.0593,APPROCHE,5.0
0.15307443808674567,0.03940866316928986,0.012775089304559072,0.018725565511003937,0.03010122764018963,0.12422748087027598,15.0,ÉLOIGNEMENT,5.0
0.1596663877721252,0.0384440035795565,0.011505523741472751,0.012645247847619947,0.015595035241871141,0.11963485810102138,14.244870064299858,ÉLOIGNEMENT,5.0
0.09430191520959418,0.03887224152926873,0.017062546814807008,0.0422814216897717,0.013941098546818504,0.09862764690831352,0.20276942011066412,COLLISION RISK,5.0
0.073625,0.006582,0.013365,0.015002,0.0018,0.02429,15.0,APPROCHE,1.0
0.092605,0.031153,0.009625,0.012301,0.0113,0.079285,15.0,STATIONNAIRE,2.5
0.05572825394492619,0.04879047786670956,0.012187844386419991,0.014219815462892898,0.025184406751362368,0.08282131332949869,15.0,ÉLOIGNEMENT,5.0
0.113035,0.015489,0.0075,0.008411,0.0097,0.038125,15.0,ÉLOIGNEMENT,1.0
0.16683770953495297,0.02096619022941605,0.0067535998940444686,0.010437696651175428,0.002896887200346027,0.07277915570802862,15.0,ÉLOIGNEMENT,2.5
0.177835,0.00103,0.00988,0.011507,0.0003,0.00071,15.0,APPROCHE,0.1
0.05451,0.009599,0.01372,0.022846,0.0034,0.02182,2.8915,COLLISION RISK,1.0
0.10554,0.058502,0.010505,0.012331,0.0161,0.112705,15.0,ÉLOIGNEMENT,5.0
0.15182,0.031834,0.0083,0.009807,0.0078,0.079095,15.0,ÉLOIGNEMENT,2.5
0.11677431668956081,0.02400211023441749,0.010815224505127424,0.014173713962691504,0.0,0.03741563135919784,14.466737075738537,ÉLOIGNEMENT,2.5
0.17835,0.000916,0.01276,0.014621,0.0002,0.00078,15.0,APPROCHE,0.1
0.08193,0.016878,0.0084,0.009783,0.006,0.0354,15.0,ÉLOIGNEMENT,1.0
0.1894,0.003428,0.00915,0.010522,0.0007,0.002905,15.0,STATIONNAIRE,0.1
0.09520684665655041,0.059553178512790725,0.010377074939794088,0.01223862675880313,0.011406385878042033,0.10583426819850758,15.0,ÉLOIGNEMENT,5.0
0.06318657518001508,0.04613388088503572,0.011096679596557095,0.009793084291130696,0.014723655535591833,0.07928616526162724,14.652682907249453,ÉLOIGNEMENT,5.0
0.181855,0.001741,0.010135,0.012086,0.0005,0.004445,15.0,STATIONNAIRE,0.1
0.11766242307715183,0.05024705853227535,0.009577623501995196,0.010746832540681919,0.010047777361706487,0.10092596100979521,3.2081784738029944,APPROCHE,5.0
0.178815,0.006531,0.008965,0.010915,0.0022,0.021585,15.0,ÉLOIGNEMENT,1.0
0.12299,0.055782,0.010785,0.012496,0.0161,0.121155,15.0,ÉLOIGNEMENT,5.0
0.18122,0.000206,0.00818,0.009954,0.0001,0.001325,15.0,STATIONNAIRE,0.1
0.12706935589152776,0.058576321753546455,0.011786406778176661,0.01787609822385369,0.027997503425232526,0.13461728327592618,14.880129340797286,ÉLOIGNEMENT,5.0
0.15626658735566057,0.03475750431418383,0.007674330940854009,0.011524769343404179,0.022706904801178124,0.08224676590336412,1.2340293854511108,COLLISION RISK,2.5
0.13779343327295038,0.0340226388276689,0.05181910910246536,0.1443513616106841,0.010465344774080962,0.0724566515059521,0.7181545617960545,COLLISION RISK,5.0
0.13303258755981373,0.04637908855314421,0.02635552698365089,0.06052861043880601,0.008336812457462919,0.08187067601400404,0.15891048577973715,COLLISION RISK,5.0
0.1640871627462735,0.03877811052271999,0.012187077865066419,0.014518461220673164,0.020246120159223016,0.11497547931716223,14.594441619082986,ÉLOIGNEMENT,5.0
0.14174825100175004,0.04704691599253468,0.00987377965447672,0.015518517478558135,0.016324519283140618,0.12613091079036903,14.765000874011303,ÉLOIGNEMENT,5.0
0.08173588717646524,0.05313500761919048,0.00933767876235022,0.01895985963714916,0.02491427043579304,0.0980744850001126,14.840988071617817,ÉLOIGNEMENT,5.0
0.061115,0.002647,0.00606,0.007755,0.0021,0.008505,5.1049,APPROCHE,0.1
0.16606911299740784,0.014973716836551272,0.009424866410810237,0.009092041219108074,0.0030743252164606404,0.06317468955767952,14.642174707034487,ÉLOIGNEMENT,2.5
0.13047,0.012857,0.00808,0.010263,0.0036,0.03812,7.3,APPROCHE,1.0
0.11063,0.012949,0.00738,0.008361,0.0097,0.035125,15.0,ÉLOIGNEMENT,1.0
0.11585,0.044167,0.00972,0.011311,0.0107,0.089345,0.4154,COLLISION RISK,5.0
0.043336874669977724,0.01844637631297691,0.009511923176960204,0.012770722263036015,0.00033865968094240126,0.07491468653537328,0.5374430680662662,COLLISION RISK,2.5
0.029815,0.004465,0.016725,0.022368,0.0057,0.01265,15.0,COLLISION RISK,1.0
0.09119,0.011088,0.01123,0.012709,0.0037,0.02847,3.3541,APPROCHE,1.0
0.10214613941531583,0.04070365160148558,0.05036798897339732,0.1450256181177369,0.003664077589323244,0.09725297417878578,0.17758654005351635,COLLISION RISK,5.0
0.04615131424468866,0.028738154439785796,0.010452319248816424,0.013386144256661165,0.00856475116697316,0.1039380279992935,0.1582561676315962,COLLISION RISK,2.5
0.18666,0.011181,0.009565,0.011136,0.0046,0.048355,15.0,ÉLOIGNEMENT,1.0
0.17634,0.007867,0.009375,0.011135,0.0025,0.02362,15.0,ÉLOIGNEMENT,1.0
0.11523954887069253,0.04496520023780772,0.012568414114038196,0.01278665784645164,0.00650025227451931,0.09997720544332424,2.461540069935801,APPROCHE,5.0
0.19083108508543684,0.023173688496929332,0.0066998149685662855,0.008411686199263831,0.015710703830107885,0.07673897357258276,15.0,ÉLOIGNEMENT,2.5
0.17963,0.015951,0.009025,0.01087,0.0059,0.056855,15.0,ÉLOIGNEMENT,1.0
0.052295,0.037626,0.01101,0.015551,0.0126,0.11268,0.0342,COLLISION RISK,5.0
0.002115,0.007392,0.007565,0.009862,0.0043,0.056805,-0.0384,COLLISION RISK,1.0
0.04599,0.034786,0.009155,0.012274,0.01,0.108805,0.0107,COLLISION RISK,2.5
0.169005,0.007062,0.01054,0.011354,0.0056,0.02736,15.0,ÉLOIGNEMENT,1.0
0.18447,0.024776,0.011845,0.013351,0.0095,0.094455,15.0,ÉLOIGNEMENT,2.5
0.182615,0.003788,0.01508,0.021826,0.0035,0.00877,15.0,ÉLOIGNEMENT,0.1
0.17956,0.000416,0.01033,0.011955,0.0002,0.002185,15.0,APPROCHE,0.1
0.1807,0.000395,0.011685,0.014941,0.0002,0.00138,15.0,APPROCHE,0.1
0.13796409172873586,0.02500815611992104,0.005174504629629522,0.007210486011486357,0.023502460512681823,0.06009666940726218,14.74860605444158,ÉLOIGNEMENT,2.5
0.04085,0.006337,0.008355,0.010682,0.0028,0.02208,15.0,COLLISION RISK,1.0
0.047040338764110734,0.04451532923041557,0.01235161878549137,0.014510197518787973,0.009759251438205843,0.11382676481743476,0.5389735506926139,COLLISION RISK,5.0
0.00018,0.004728,0.009965,0.013356,0.0033,0.04867,0.0819,COLLISION RISK,1.0
0.09533880049306302,0.025795163821238882,0.010088161526378144,0.00999126553807012,0.007825171789594456,0.05554896315213204,14.807290694806063,ÉLOIGNEMENT,2.5
0.152875,0.016522,0.0085,0.010966,0.0037,0.040155,3.764,APPROCHE,1.0
0.16494009096380738,0.03949783119475868,0.011534791245365028,0.009510053970334135,0.01206043143451209,0.10569953758937636,14.676722565979832,ÉLOIGNEMENT,5.0
0.09503735864800385,0.027229257100991874,0.011457521511870973,0.01153839106765937,0.007279764838667919,0.07942177649341015,14.850733927114721,STATIONNAIRE,2.5
0.077865,0.011472,0.00838,0.009882,0.009,0.0484,15.0,ÉLOIGNEMENT,1.0
0.189595,0.002884,0.01175,0.014641,0.0006,0.00286,15.0,STATIONNAIRE,0.1
0.0992,0.057861,0.011745,0.016407,0.0175,0.108025,15.0,ÉLOIGNEMENT,5.0
0.1325488107608865,0.0517831398975921,0.012436798269472672,0.01363524407927962,0.005303770338704763,0.10994233364981182,1.1854395632724988,APPROCHE,5.0
0.18099,0.000104,0.01089,0.012693,0.0001,0.00072,15.0,STATIONNAIRE,0.1
0.180745,0.001009,0.01035,0.012784,0.0002,0.002815,15.0,STATIONNAIRE,0.1
0.18029,0.000526,0.014625,0.021016,0.0011,0.00208,15.0,ÉLOIGNEMENT,0.1
0.1173084691659281,0.04023990342736696,0.051758122371591254,0.14538150986728995,0.004371501901524679,0.09221603227247883,0.07932011779958942,COLLISION RISK,5.0
0.178755,0.000312,0.009885,0.011984,0.0002,0.00295,15.0,STATIONNAIRE,0.1
0.204995,0.005046,0.008895,0.010927,0.0011,0.0151,15.0,STATIONNAIRE,0.1
0.04620879062037743,0.04315776114094261,0.01013233411261311,0.015523616828534335,0.018915998540063986,0.06992864648002863,15.0,ÉLOIGNEMENT,2.5
0.15396,0.042463,0.009325,0.012071,0.0329,0.094165,0.7707,COLLISION RISK,5.0
0.070085,0.024931,0.010065,0.012062,0.0153,0.04856,15.0,ÉLOIGNEMENT,2.5
0.12661,0.021365,0.00822,0.010283,0.0055,0.049455,2.5049,APPROCHE,1.0
0.168715,0.006946,0.01054,0.011726,0.0056,0.030255,15.0,ÉLOIGNEMENT,1.0
0.07113894416092084,0.026450725905017593,0.010730631353068353,0.011627933079300963,0.0167088845207734,0.04906542847824495,15.0,ÉLOIGNEMENT,2.5
0.012415,0.000878,0.00709,0.00858,0.0004,0.007345,15.0,COLLISION RISK,0.1
0.191965,0.002758,0.011765,0.014624,0.0006,0.00538,15.0,STATIONNAIRE,0.1
0.038505,0.010358,0.010945,0.012926,0.0153,0.018175,15.0,ÉLOIGNEMENT,1.0
0.14522921307908288,0.0489918956478749,0.010739723804214537,0.011121650283597543,0.02860544006533549,0.10038578069721907,0.677029085001515,COLLISION RISK,5.0
0.184705,0.002325,0.008835,0.01079,0.0012,0.01379,15.0,STATIONNAIRE,0.1
0.090665,0.022237,0.00834,0.009413,0.006,0.030445,15.0,ÉLOIGNEMENT,1.0
0.148675,0.018579,0.00841,0.010396,0.0055,0.038215,2.1854,APPROCHE,1.0
0.0468,0.005399,0.00764,0.008944,0.0044,0.022105,15.0,ÉLOIGNEMENT,1.0
0.101435,0.03881,0.04992,0.145538,0.0087,0.099095,0.3965,COLLISION RISK,5.0
0.18179,0.000444,0.01098,0.013311,0.0001,0.000465,15.0,STATIONNAIRE,0.1
0.069,0.020751,0.00954,0.011189,0.0104,0.036335,15.0,ÉLOIGNEMENT,1.0
0.01,0.013249035373977537,0.0069897713066191655,0.011399886550454512,0.013208552246788394,0.07601561778467099,0.0,COLLISION RISK,2.5
0.06484,0.001527,0.011575,0.01412,0.0026,0.01551,5.0126,APPROCHE,0.1
0.024285,0.001519,0.00919,0.011579,0.0014,0.03563,0.7297,COLLISION RISK,1.0
0.16522247565891765,0.021897827604750994,0.05035589201275713,0.14796939967192713,0.011076689472302018,0.044872189268142224,0.9059822044994572,APPROCHE,2.5
0.12568177281798015,0.05780139606206913,0.01152735614413169,0.010412637743456339,0.01740815055279539,0.11938527210640273,14.554592307028804,ÉLOIGNEMENT,5.0
0.12145512773317521,0.05611443670404792,0.011629455654819394,0.014023859008141073,0.010120200899055068,0.09844288190314299,2.612717528379047,APPROCHE,5.0
0.18104,0.000665,0.010555,0.012996,0.0003,0.00176,15.0,STATIONNAIRE,0.1
0.05674,0.00828,0.01227,0.021918,0.0034,0.019625,2.0704,COLLISION RISK,1.0
0.18116,0.000252,0.00904,0.009257,0.0001,0.001425,15.0,STATIONNAIRE,0.1
0.119935,0.019617,0.00853,0.010454,0.0055,0.051075,2.7693,APPROCHE,1.0
0.1062245528260569,0.04400884730021134,0.008662853769760866,0.01168220134489158,0.012800067187611047,0.09408213036469788,0.21120730089422268,COLLISION RISK,5.0
0.04247869351036454,0.0157733533430167,0.010883420161693318,0.011309267734631603,0.00483407512446461,0.07935748430525176,1.4209013571551754,COLLISION RISK,2.5
0.03503,0.003229,0.014145,0.016252,0.0012,0.004575,15.0,COLLISION RISK,0.1
0.060697567642115015,0.04355479230580176,0.012066914955040631,0.014935390895224186,0.019529514925175073,0.07804031401275849,14.870624852982159,ÉLOIGNEMENT,5.0
0.125835,0.033718,0.008,0.008306,0.0078,0.07371,15.0,ÉLOIGNEMENT,2.5
0.10666,0.007811,0.008405,0.010116,0.0097,0.02899,15.0,ÉLOIGNEMENT,1.0
0.1802,0.000524,0.010665,0.010786,0.0002,0.001445,15.0,STATIONNAIRE,0.1
0.176915,0.005081,0.052705,0.145887,0.0085,0.01351,1.8375,APPROCHE,1.0
0.06856768562303359,0.054991163598969175,0.009132081343346515,0.017398064152829875,0.007652480785840824,0.09426540318719884,15.0,ÉLOIGNEMENT,5.0
0.027755,0.001844,0.016115,0.022111,0.0015,0.01091,15.0,COLLISION RISK,0.1
0.13571468856434155,0.045435792014897926,0.023946303637888217,0.06151359156487475,0.007882013967847306,0.0727507194945125,0.5535535022697269,COLLISION RISK,5.0
0.195765,0.00168,0.010145,0.012051,0.001,0.01809,15.0,STATIONNAIRE,0.1
0.11296276787790738,0.05435426218341159,0.011273594104243041,0.010361628144608604,0.011384083804190107,0.11359284787066085,14.75026184411471,ÉLOIGNEMENT,5.0
0.18179,0.000532,0.009695,0.011499,0.0002,0.003345,15.0,STATIONNAIRE,0.1
0.06567101751794006,0.046799989635999004,0.023635600078040355,0.06045716857272971,0.011830468516546443,0.1207859795002342,0.7260626738114457,COLLISION RISK,5.0
0.01649,0.003931,0.00818,0.009943,0.0014,0.02126,1.0384,COLLISION RISK,0.1
0.178655,0.000191,0.008745,0.011009,0.0001,0.00187,15.0,STATIONNAIRE,0.1
0.0942,0.004985,0.007815,0.010248,0.0132,0.012245,15.0,ÉLOIGNEMENT,1.0
0.10372,0.012151,0.00925,0.010532,0.0042,0.043065,4.2244,APPROCHE,1.0
0.18081,0.000283,0.00962,0.010677,0.0001,0.00129,15.0,STATIONNAIRE,0.1
0.12500527367376071,0.0542742016181813,0.012808967022965212,0.013615389561199889,0.019015773697563625,0.12307875117998517,14.812726883476381,ÉLOIGNEMENT,5.0
0.17765,0.001064,0.00904,0.010699,0.0003,0.001295,15.0,APPROCHE,0.1
0.16194940825465923,0.02679751298152817,0.01515541422611204,0.019573970249282424,0.01474571949067634,0.06487243252072385,15.0,ÉLOIGNEMENT,2.5
0.121075,0.050353,0.02586,0.059083,0.014,0.09062,0.3031,COLLISION RISK,5.0
0.10690485400936635,0.04613035851526547,0.01099069338183186,0.011581521681781577,0.012130884868183586,0.09347175749292061,0.10449954954448037,COLLISION RISK,5.0
0.1544330306785955,0.025742680724462928,0.024704831658729012,0.05954102809533031,0.016868539979764736,0.05904649934372224,0.7938662003719815,COLLISION RISK,2.5
0.11558,0.031944,0.00903,0.010303,0.0078,0.072745,15.0,ÉLOIGNEMENT,2.5
0.08400423858272336,0.05345016214379476,0.022765121131229055,0.05620985102008272,0.015135727365413333,0.11636919306367963,0.0,COLLISION RISK,5.0
0.07783550088270251,0.036371149763045854,0.013437772782904183,0.010249879785112466,0.0,0.10869818961346968,0.0,COLLISION RISK,5.0
0.09468,0.011525,0.008735,0.011117,0.0133,0.040365,15.0,ÉLOIGNEMENT,1.0
0.180325,0.000561,0.014805,0.021169,0.0002,0.00165,15.0,STATIONNAIRE,0.1
0.14700490799097035,0.04761794320771089,0.013235952997793432,0.01887951329698083,0.007733249600972997,0.1302107654099198,15.0,ÉLOIGNEMENT,5.0
0.127185,0.037962,0.05107,0.145726,0.0087,0.08182,0.5384,COLLISION RISK,5.0
0.05793053317876897,0.03630017946145124,0.0240729769956893,0.05945715912450592,0.012571326057407316,0.115249155692087,0.3750853420937591,COLLISION RISK,5.0
0.08214,0.01152,0.00715,0.008974,0.0088,0.02914,2.3354,APPROCHE,1.0
0.017895,0.020085,0.007665,0.009403,0.0071,0.085265,-0.0956,COLLISION RISK,2.5
0.166055,0.026659,0.00753,0.009546,0.0078,0.07732,15.0,ÉLOIGNEMENT,2.5
0.02778,0.001049,0.011255,0.012567,0.0007,0.00457,15.0,COLLISION RISK,0.1
0.1727991564815923,0.02128711190672761,0.007746863528554356,0.013368023103196507,0.010460575039161655,0.0616019483180103,15.0,ÉLOIGNEMENT,2.5
0.189655,0.010064,0.008335,0.010574,0.0038,0.010965,10.5462,APPROCHE,1.0
0.094965,0.038171,0.018495,0.041502,0.0087,0.09917,0.4575,COLLISION RISK,5.0
0.11640930386750005,0.04737124495872292,0.010717921720249022,0.01677160297979384,0.020544394925549256,0.09347550093209225,3.0974845422487145,APPROCHE,5.0
0.178015,0.00099,0.01036,0.011767,0.0003,0.000715,15.0,APPROCHE,0.1
0.15023001300635247,0.03418994602215601,0.011038571031151063,0.011783961072932721,0.0,0.08229225715582492,15.0,ÉLOIGNEMENT,2.5
0.13872480539527884,0.04195662099217792,0.02704166504753064,0.058286483766857605,0.004579860241522781,0.06859874041490403,0.6543817353146162,COLLISION RISK,5.0
0.197535,0.014025,0.00681,0.008928,0.0199,0.055025,15.0,STATIONNAIRE,1.0
0.20733,0.004644,0.00994,0.011113,0.0034,0.048875,15.0,ÉLOIGNEMENT,1.0
0.046059476033686264,0.028444307761311845,0.0073121093110069405,0.009597623835559553,0.021819023745228344,0.0546393354465106,15.0,ÉLOIGNEMENT,2.5
0.05369230398162876,0.04124684444038948,0.024317489986711016,0.05692173370971138,0.014436427003212262,0.1155394109414828,0.03409017015385796,COLLISION RISK,5.0
0.086105,0.009672,0.01171,0.013246,0.0037,0.02786,2.4282,APPROCHE,1.0
0.1362273240872796,0.0500795104305739,0.024141064709576932,0.059942239838978534,0.013257629982396962,0.08267882478647394,0.5049592061935931,COLLISION RISK,5.0
0.08037,0.012501,0.00667,0.008,0.0088,0.02925,3.3723,APPROCHE,1.0
0.18207,0.001172,0.01138,0.013726,0.0003,0.002095,15.0,STATIONNAIRE,0.1
0.17537801531790592,0.03208594128499219,0.01110541804277633,0.014889537671991231,0.018111261749065338,0.10138475788075103,14.966859634077643,ÉLOIGNEMENT,2.5
0.084025,0.010541,0.00733,0.008957,0.0088,0.0281,1.2701,APPROCHE,1.0
0.156865,0.025141,0.05079,0.146068,0.0085,0.04843,0.927,COLLISION RISK,2.5
0.1219,0.027338,0.0139,0.017535,0.0132,0.04372,15.0,ÉLOIGNEMENT,2.5
0.09538088066291207,0.057492602156122535,0.008492601362632381,0.010726981040121306,0.01772897186495389,0.10778313371862189,14.774090398331623,ÉLOIGNEMENT,5.0
0.18018,0.000372,0.009395,0.012162,0.0001,0.001475,15.0,STATIONNAIRE,0.1
0.101725,0.010918,0.0086,0.009788,0.0042,0.04124,4.5849,APPROCHE,1.0
0.08398969458206533,0.05532681884615027,0.02557012988490455,0.05943649307900318,0.012669868520005597,0.11056169286588316,0.0,COLLISION RISK,5.0
0.1841,0.007066,0.017835,0.028988,0.0037,0.0232,5.5627,APPROCHE,1.0
0.179465,0.000529,0.00963,0.011164,0.002,0.004185,3.4679,APPROCHE,0.1
0.146125,0.034802,0.00894,0.010484,0.0107,0.06331,0.6348,COLLISION RISK,2.5
0.203405,0.008604,0.00556,0.006686,0.0199,0.03381,15.0,STATIONNAIRE,1.0
0.02809,0.004395,0.01236,0.013217,0.003,0.00735,15.0,COLLISION RISK,0.1
0.10092892056357207,0.04042048421215766,0.011172337141267502,0.010910297805421553,0.010558687094754571,0.10025611568815514,0.0,COLLISION RISK,5.0
0.03603,0.002358,0.01384,0.01597,0.003,0.00595,15.0,COLLISION RISK,0.1
0.13451,0.045783,0.02551,0.059128,0.014,0.07947,0.4123,COLLISION RISK,5.0
0.09748,0.006562,0.008225,0.010417,0.0088,0.027485,1.9987,APPROCHE,1.0
0.110185,0.031163,0.0097,0.011696,0.0104,0.069995,15.0,ÉLOIGNEMENT,2.5
0.1429008232000229,0.04685049851242185,0.012019690986675338,0.018327360532136346,0.003962500391510641,0.1299074877645925,14.684261195179616,ÉLOIGNEMENT,5.0
0.1825,0.001249,0.01122,0.013872,0.0003,0.001915,15.0,STATIONNAIRE,0.1
0.0926990068823381,0.05346857117101319,0.024206052867951775,0.05699355241169384,0.023500863663497597,0.11457939295391675,0.0,COLLISION RISK,5.0
0.177635,0.007189,0.008965,0.010915,0.0024,0.02258,15.0,ÉLOIGNEMENT,1.0
0.12313908019964723,0.05998713980043831,0.011108050873244612,0.018507036322567418,0.015588235576644417,0.12223742903542344,14.72456479014535,ÉLOIGNEMENT,5.0
0.04319,0.010953,0.011205,0.01315,0.0153,0.022675,15.0,ÉLOIGNEMENT,1.0
0.179825,0.000316,0.011105,0.01331,0.0001,0.001605,15.0,APPROCHE,0.1
0.09791237318712773,0.05343850205142673,0.024050137909456037,0.05838666991922056,0.013471733184943737,0.10559516630199607,0.0,COLLISION RISK,5.0
0.012905,0.001266,0.007855,0.010183,0.0004,0.005325,15.0,COLLISION RISK,0.1
0.12503,0.024307,0.00622,0.007124,0.0097,0.04948,15.0,ÉLOIGNEMENT,2.5
0.12992,0.021708,0.0081,0.010172,0.0055,0.04851,2.4023,APPROCHE,1.0
0.180265,0.000261,0.00938,0.011475,0.0001,0.000905,15.0,APPROCHE,0.1
0.12189751925877396,0.049148176868028616,0.023996983209256535,0.0589406401460936,0.02175813966928821,0.09563474885223319,0.4478143049046954,COLLISION RISK,5.0
0.177285,0.001009,0.00803,0.009497,0.0038,0.005535,15.0,APPROCHE,0.1
0.180745,0.000515,0.01085,0.014732,0.0002,0.00121,15.0,STATIONNAIRE,0.1
0.12089527240740018,0.04599706950935335,0.00867569253177933,0.012365322697892683,0.013765177934889905,0.09106606109000766,0.6536576230278878,COLLISION RISK,5.0
0.08777515408186967,0.023648154635303356,0.0086180760091096,0.010874192531568827,0.010468090873857316,0.05798726638757124,15.0,ÉLOIGNEMENT,2.5
0.09922061414793777,0.026296351660591452,0.009148308275820874,0.012268774907864275,0.007648928914841143,0.06754893553081394,15.0,ÉLOIGNEMENT,2.5
0.059864611854611574,0.04692714176170571,0.013015685642755202,0.01623885256367659,0.02278959847586925,0.08220431516815788,15.0,ÉLOIGNEMENT,5.0
0.088435,0.027012,0.009625,0.012301,0.0111,0.07327,15.0,STATIONNAIRE,2.5
0.047535,0.010326,0.01376,0.023932,0.0034,0.02433,2.6448,COLLISION RISK,1.0
0.16900632030656287,0.01683130800531174,0.015188895537307645,0.016148736937671708,0.004408173249208892,0.06153190946218233,15.0,ÉLOIGNEMENT,2.5
0.06312,0.024388,0.01025,0.012107,0.0153,0.04778,15.0,STATIONNAIRE,2.5
0.180745,0.000213,0.009635,0.011856,0.0001,0.000445,15.0,APPROCHE,0.1
0.08214,0.019123,0.009995,0.012449,0.0111,0.06339,15.0,ÉLOIGNEMENT,2.5
0.032645,0.002922,0.00871,0.011028,0.0019,0.01242,15.0,COLLISION RISK,0.1
0.207065,0.004051,0.00884,0.010298,0.0011,0.02225,15.0,STATIONNAIRE,0.1
0.17518,0.009822,0.00731,0.008191,0.0077,0.0206,1.7874,APPROCHE,1.0
0.05101,0.029807,0.01062,0.012462,0.0099,0.09461,0.2306,COLLISION RISK,2.5
0.181195,0.00025,0.01108,0.015258,0.0002,0.000895,15.0,STATIONNAIRE,0.1
0.199585,0.005721,0.0104,0.012916,0.0011,0.00651,15.0,STATIONNAIRE,0.1
0.02786,0.026537,0.00769,0.009715,0.0161,0.044595,15.0,ÉLOIGNEMENT,2.5
0.02007,0.011239,0.00978,0.011671,0.0053,0.061295,0.4518,COLLISION RISK,1.0
0.14621707815142768,0.03187854778363697,0.05218538518203824,0.14604046286839345,0.01037171515239551,0.0653453807680548,0.6478969547881892,COLLISION RISK,5.0
0.14121279760961467,0.035096767869996826,0.04982758278708111,0.14953119162189105,0.010031301052632596,0.07245764554750014,0.6010671958251409,COLLISION RISK,5.0
0.03236,0.006169,0.012895,0.016143,0.0057,0.012385,15.0,COLLISION RISK,1.0
0.07857,0.012925,0.00832,0.009843,0.009,0.052945,15.0,ÉLOIGNEMENT,1.0
0.12829259202768317,0.05860462268819773,0.00945810033674337,0.011087829077661414,0.030381140832528616,0.12430182154464109,14.590821791906603,ÉLOIGNEMENT,5.0
0.182825,0.001911,0.00766,0.009206,0.0005,0.003465,15.0,STATIONNAIRE,0.1
0.10664397386880177,0.03700148736771517,0.051081545357702804,0.14482416100632475,0.0,0.0913693800435905,1.3196383553161155,COLLISION RISK,5.0
0.1769,0.007626,0.0072,0.008235,0.0077,0.017105,1.9981,APPROCHE,1.0
0.1361615132787047,0.03584987224220847,0.008522304677856116,0.009608339728410631,0.016178001321645798,0.07645280991888839,0.31826958470988753,COLLISION RISK,2.5
0.17981,0.000825,0.01046,0.01323,0.0002,0.00325,15.0,STATIONNAIRE,0.1
0.11192624038272428,0.04543798548609425,0.009197525132671448,0.009413454750884611,0.02198261087841593,0.09299990365603542,1.2640010406574087,COLLISION RISK,5.0
0.104895,0.03017,0.00952,0.011572,0.0104,0.06686,15.0,ÉLOIGNEMENT,2.5
0.029845,0.007966,0.00838,0.010242,0.0049,0.056445,0.9945,COLLISION RISK,1.0
0.027525,0.001129,0.010755,0.012359,0.0007,0.0038,15.0,COLLISION RISK,0.1
0.14860854595318385,0.05171716536749955,0.008887714885228735,0.013793904576069932,0.03620885765143714,0.10478254605950436,1.2213533181717593,COLLISION RISK,5.0
0.10602,0.007263,0.00992,0.011195,0.0045,0.023505,3.2602,APPROCHE,1.0
0.181135,0.000231,0.00958,0.009839,0.0001,0.001345,15.0,STATIONNAIRE,0.1
0.087595,0.009034,0.00817,0.009892,0.0088,0.025875,1.2696,APPROCHE,1.0
0.09559993625561941,0.06030867110305477,0.012426871106136404,0.0107700450397605,0.005023710497335666,0.1041560225016147,14.115982884283929,ÉLOIGNEMENT,5.0
0.18079,0.013859,0.013445,0.014673,0.0051,0.050015,15.0,ÉLOIGNEMENT,1.0
0.08752242497447432,0.05151740639249593,0.022510886446416717,0.05857615076685808,0.01723672365413679,0.11623258719414416,0.36043248911682335,COLLISION RISK,5.0
0.015625,0.006683,0.0084,0.009808,0.0042,0.050635,0.7063,COLLISION RISK,1.0
0.07650049421765936,0.025609898600696374,0.010730506205167098,0.008167972260446335,0.004942196615060165,0.04352218429100432,14.881895106916923,ÉLOIGNEMENT,2.5
0.16819,0.007829,0.01064,0.012312,0.0056,0.03472,5.6876,APPROCHE,1.0
0.16934030266748365,0.0174292687565666,0.009514563296684148,0.010245640793349426,0.01036746308274906,0.05667791305057062,15.0,ÉLOIGNEMENT,2.5
0.178505,0.000886,0.01263,0.014566,0.0002,0.000785,15.0,APPROCHE,0.1
0.183165,0.00368,0.009085,0.011199,0.0016,0.01673,15.0,STATIONNAIRE,0.1
0.202395,0.01071,0.010055,0.011912,0.0054,0.0661,15.0,ÉLOIGNEMENT,1.0
0.147567502592465,0.0451236621702919,0.009874327439382262,0.01340629761668718,0.036992312394275716,0.09469063425672554,0.24300112216049308,COLLISION RISK,5.0
0.09467,0.005775,0.00819,0.009382,0.0027,0.030885,8.2956,APPROCHE,1.0
0.13301462323268853,0.05220387679748831,0.011246918311535715,0.014162032562484888,0.030895536614120356,0.10885461556024392,1.0935748645613435,APPROCHE,5.0
0.168,0.008716,0.00813,0.010249,0.0048,0.0206,2.1721,APPROCHE,1.0
0.1584257642429005,0.04509591209681904,0.012009629660938154,0.012604082701013377,0.013239138301116825,0.11206598053140703,15.0,ÉLOIGNEMENT,5.0
0.059975,0.017708,0.0086,0.010532,0.0104,0.03098,15.0,ÉLOIGNEMENT,1.0
0.07418060897460067,0.030876035474052446,0.008233647026413115,0.010768370189243339,0.004391790570897567,0.04506657885928214,15.0,ÉLOIGNEMENT,2.5
0.11076731848793671,0.05725638235773138,0.010358115639845802,0.014144184953559581,0.005210761733754652,0.11936383135485802,15.0,ÉLOIGNEMENT,5.0
0.07981726080585465,0.022303223733809056,0.008099133656470192,0.008956084266558601,0.0022499136842830877,0.04812909182483809,14.445765965406924,ÉLOIGNEMENT,2.5
0.0349,0.029577,0.007425,0.00937,0.0099,0.101245,-0.032,COLLISION RISK,2.5
0.14662,0.039317,0.025045,0.05929,0.014,0.06752,0.4939,COLLISION RISK,2.5
0.178185,0.000955,0.011505,0.013398,0.0003,0.000745,15.0,APPROCHE,0.1
0.08113,0.023542,0.009525,0.011784,0.0133,0.04288,3.8213,APPROCHE,2.5
0.04825445130712416,0.03602606226287093,0.0070630577033458895,0.010961486998812886,0.0019622290108372523,0.11394572197246662,0.0,COLLISION RISK,2.5
0.19404,0.005163,0.010335,0.013277,0.0011,0.00332,15.0,STATIONNAIRE,0.1
0.06182,0.002903,0.00877,0.01154,0.0026,0.011975,15.0,STATIONNAIRE,0.1
0.178325,0.005585,0.00767,0.008378,0.0077,0.013505,2.0302,APPROCHE,0.1
0.040613971463995285,0.01631375299685573,0.00942241971073137,0.012078526689978731,0.008706835535017242,0.07909644731481368,0.25381181363076677,COLLISION RISK,2.5
0.16246173228980162,0.025085473799199547,0.005875009584578863,0.0067772148602250875,0.007878311319623337,0.04649005405250216,0.07043451780993737,COLLISION RISK,2.5
0.10559258021216855,0.04077347747021361,0.04982868387766565,0.14403837079836782,0.006128999971067487,0.10039949366230054,0.2825932089851215,COLLISION RISK,5.0
0.1410387380769645,0.0478522787190012,0.025369881872877222,0.0579864267864048,0.008433295345635434,0.07270978345247386,0.6996990221117696,COLLISION RISK,5.0
0.17259382834558662,0.016832591188507304,0.009861846225736664,0.009411627222996622,0.015713031726544625,0.07504065009867303,14.814243569354504,ÉLOIGNEMENT,2.5
0.181805,0.001065,0.01007,0.011513,0.0003,0.00173,15.0,STATIONNAIRE,0.1
0.01222,0.00058,0.00614,0.007854,0.0004,0.00995,15.0,COLLISION RISK,0.1
0.10324253686951414,0.038545784037492384,0.010693175688612494,0.010457435852157547,0.006075577641794824,0.09075570143098641,0.9021393927055251,COLLISION RISK,5.0
0.068115,0.003939,0.012485,0.014431,0.0026,0.020095,15.0,ÉLOIGNEMENT,1.0
0.184745,0.001218,0.01347,0.015302,0.0003,0.00227,15.0,STATIONNAIRE,0.1
0.06796,0.014533,0.016535,0.022744,0.0074,0.03569,15.0,ÉLOIGNEMENT,1.0
0.0900522270371545,0.04571384036912593,0.010006332203967011,0.014126987594418765,0.007338880848690745,0.1014983778845101,0.0,COLLISION RISK,5.0
0.1138889086927226,0.060962299892143405,0.010728783248673447,0.01243892635024003,0.02161821988450581,0.1166994992766243,15.0,ÉLOIGNEMENT,5.0
0.16445,0.01656,0.01372,0.025866,0.0037,0.0356,2.5949,APPROCHE,1.0
0.16373,0.020279,0.05211,0.146185,0.0085,0.038745,1.2707,APPROCHE,2.5
0.0607321284592819,0.027450016129867288,0.010725400294412261,0.012833736434833999,0.013169806034119654,0.0476476836493031,15.0,ÉLOIGNEMENT,2.5
0.1389694283934799,0.048781683359345705,0.01277306767096342,0.01713002733877918,0.012579414576570695,0.1252045484203266,15.0,ÉLOIGNEMENT,5.0
0.102095,0.024964,0.00936,0.010648,0.006,0.030675,15.0,ÉLOIGNEMENT,1.0
0.091875,0.002056,0.00729,0.008999,0.0005,0.0079,15.0,STATIONNAIRE,0.1
0.182505,0.000177,0.008595,0.010898,0.0001,0.002805,15.0,STATIONNAIRE,0.1
0.12616969699161878,0.051742405822723034,0.025689492149892402,0.05721220659355985,0.015895120699684732,0.09376737625172009,0.6374016055430005,COLLISION RISK,5.0
0.08968822467439475,0.05529889848431009,0.010921169132189277,0.01790097636948174,0.018789641019633596,0.10102759462896503,15.0,ÉLOIGNEMENT,5.0
0.07844610414798656,0.01863606718371418,0.011295682218706457,0.01333871870086102,0.010870576394111856,0.04944589508648718,14.795825579029213,ÉLOIGNEMENT,2.5
0.177975,0.002737,0.043905,0.138261,0.0084,0.008795,1.6385,APPROCHE,1.0
0.07803768401068167,0.05619443992213036,0.009275247774700233,0.009868434836291675,0.015264247929340224,0.09678715233344658,14.915489897939874,ÉLOIGNEMENT,5.0
0.13862945389646242,0.05735038839358941,0.010922259038498496,0.018008934026856813,0.016220021204144387,0.12674752255644375,14.438399481447561,ÉLOIGNEMENT,5.0
0.16419,0.011078,0.00778,0.009976,0.0055,0.02699,2.2635,APPROCHE,1.0
0.17938,0.004201,0.008575,0.011099,0.0038,0.01036,15.0,APPROCHE,0.1
0.1611,0.014468,0.012,0.013945,0.0047,0.04157,15.0,STATIONNAIRE,1.0
0.111175,0.001614,0.00779,0.009592,0.0045,0.018415,4.8767,APPROCHE,0.1
0.097035,0.058493,0.010145,0.01205,0.0161,0.107805,15.0,ÉLOIGNEMENT,5.0
0.15234652930661405,0.04659970509953941,0.0064304633139395,0.011904519542342397,0.03844646112364996,0.09551757059946525,0.8193029187362972,COLLISION RISK,5.0
0.182525,0.000164,0.008605,0.010734,0.0001,0.00275,15.0,STATIONNAIRE,0.1
0.06105,0.003037,0.011565,0.022036,0.0034,0.011815,1.6417,APPROCHE,0.1
0.17998,0.00048,0.01283,0.015412,0.0002,0.00125,15.0,APPROCHE,0.1
0.18084,0.000269,0.00974,0.010799,0.0001,0.001305,15.0,STATIONNAIRE,0.1
0.18318,0.020572,0.00716,0.008949,0.0199,0.0765,15.0,ÉLOIGNEMENT,2.5
0.08479601780678227,0.023528419419394743,0.00996227950578691,0.012934273595013215,0.0012214141809631512,0.04936767575176229,14.97108660877183,ÉLOIGNEMENT,2.5
0.13185,0.052826,0.010075,0.01191,0.0161,0.124735,15.0,ÉLOIGNEMENT,5.0
0.018915,0.004031,0.00734,0.009143,0.0014,0.023445,0.7644,COLLISION RISK,0.1
0.10089,0.003971,0.009435,0.011299,0.0031,0.023205,15.0,STATIONNAIRE,1.0
0.1466721355990662,0.041688781968272436,0.025106011082963387,0.059014796269605305,0.015602302312090722,0.0726824908913586,0.7338976831699349,COLLISION RISK,2.5
0.1067904433349793,0.03167478909603852,0.0065720882250719275,0.012341411876187244,0.007985293348238975,0.06722616180350902,14.832431952300581,ÉLOIGNEMENT,2.5
0.15601,0.028452,0.00906,0.010532,0.0107,0.05346,0.6596,COLLISION RISK,2.5
0.086275,0.011804,0.016295,0.022908,0.0036,0.0345,15.0,ÉLOIGNEMENT,1.0
0.027745,0.001052,0.011685,0.012448,0.0007,0.004475,15.0,COLLISION RISK,0.1
0.10888836906412114,0.053886119848869506,0.02645042261759136,0.060300094831737386,0.015822911573629254,0.09422626043575248,0.05960213418471488,COLLISION RISK,5.0
0.12688752560472513,0.035608528070273676,0.04970477505213912,0.14410691131435097,0.006058219277354648,0.08080392598023438,0.07090358860274942,COLLISION RISK,5.0
0.00404,0.005523,0.010835,0.014547,0.0012,0.011505,15.0,COLLISION RISK,0.1
0.053695,0.01437,0.01445,0.021015,0.0074,0.02758,15.0,ÉLOIGNEMENT,1.0
0.18523,0.008394,0.008215,0.010554,0.0038,0.011865,15.0,APPROCHE,1.0
0.02678,0.00099,0.01093,0.012697,0.0023,0.006535,15.0,COLLISION RISK,0.1
0.10980489174728611,0.052046946794488666,0.025669442720212314,0.06123901559440805,0.009924171383805585,0.09857230694141263,0.17120429700340384,COLLISION RISK,5.0
0.035195,0.002141,0.00813,0.009998,0.0019,0.01524,1.7069,COLLISION RISK,0.1
0.14085991409345242,0.029188948350783943,0.007179284619251358,0.00703378157591996,0.014646492329544764,0.060215418120260905,15.0,ÉLOIGNEMENT,2.5
0.173455,0.019634,0.008115,0.009935,0.0069,0.06249,15.0,ÉLOIGNEMENT,2.5
0.11859,0.020237,0.00664,0.007499,0.0097,0.043945,15.0,ÉLOIGNEMENT,1.0
0.13175204414231423,0.052922575138530034,0.011111470966438467,0.013279601535113678,0.020326646436705655,0.11218498092954038,0.990632027627524,APPROCHE,5.0
0.027935,0.001162,0.010165,0.011431,0.0016,0.0054,15.0,COLLISION RISK,0.1
0.07379218619849363,0.022269304336597948,0.010403373542449043,0.009915173324319753,0.011293341365913341,0.04772541099767633,14.541403516960173,ÉLOIGNEMENT,2.5
0.16193,0.012344,0.00767,0.009942,0.0055,0.02988,2.2472,APPROCHE,1.0
0.194825,0.003365,0.01195,0.013607,0.0022,0.029385,15.0,STATIONNAIRE,1.0
0.139565,0.015218,0.00851,0.011043,0.0036,0.040295,3.9658,APPROCHE,1.0
0.19803,0.014729,0.010045,0.011815,0.0066,0.07533,15.0,ÉLOIGNEMENT,2.5
0.07439340157917826,0.04907789895288857,0.010664190828134938,0.012404424698648601,0.01012044358206229,0.09167544464953221,15.0,ÉLOIGNEMENT,5.0
0.18092,0.001029,0.00981,0.012007,0.0002,0.00272,15.0,STATIONNAIRE,0.1
0.021515,0.022272,0.007895,0.009366,0.0078,0.089395,-0.083,COLLISION RISK,2.5
0.04714,0.006026,0.00762,0.008812,0.0044,0.022585,15.0,ÉLOIGNEMENT,1.0
0.18729,0.00295,0.010105,0.011922,0.0007,0.00209,15.0,STATIONNAIRE,0.1
0.180715,0.000509,0.010145,0.012616,0.0002,0.00157,15.0,STATIONNAIRE,0.1
0.102555,0.00189,0.009015,0.010534,0.0027,0.019785,15.0,ÉLOIGNEMENT,0.1
0.170825,0.007113,0.00778,0.00958,0.0048,0.01638,3.564,APPROCHE,1.0
0.014655,0.018006,0.00666,0.008152,0.0065,0.081125,-0.1056,COLLISION RISK,2.5
0.03646,0.001698,0.014915,0.017164,0.0012,0.004405,15.0,COLLISION RISK,0.1
0.03041,0.004871,0.0118,0.013995,0.0153,0.0137,15.0,COLLISION RISK,1.0
0.178655,0.000191,0.00779,0.009611,0.0001,0.00251,15.0,STATIONNAIRE,0.1
0.02926,0.002355,0.01151,0.013789,0.0016,0.006315,15.0,COLLISION RISK,0.1
0.13180259357670662,0.047638964687344396,0.010987791028000791,0.015399627379782677,0.02007748546938483,0.12955204144754193,14.883715702658712,ÉLOIGNEMENT,5.0
0.1335,0.052647,0.011145,0.0162,0.0175,0.12577,15.0,ÉLOIGNEMENT,5.0
0.07586,0.006793,0.012175,0.013927,0.0018,0.024755,3.8137,APPROCHE,1.0
0.161255,0.024149,0.016435,0.019145,0.0086,0.06532,15.0,ÉLOIGNEMENT,2.5
0.1574116276068214,0.026393174567352393,0.02619948325545491,0.05880865279050529,0.015262823249182909,0.051113477408511646,0.46919715324705835,COLLISION RISK,2.5
0.06739026396068953,0.026345883999739826,0.009515984911245045,0.013621965264589066,0.018776655437203568,0.04751887160322579,15.0,ÉLOIGNEMENT,2.5
0.15144833390960769,0.04863355666219306,0.00771351472207647,0.010526547976508186,0.03682227128153716,0.09313933679148614,1.3061486937561804,COLLISION RISK,5.0
0.1316865682151925,0.047267854066883545,0.024943249059797744,0.059607605146536194,0.010133678427211832,0.08063537202151262,0.28763042963059715,COLLISION RISK,5.0
0.101045,0.0105,0.01102,0.012128,0.0045,0.025585,3.6831,APPROCHE,1.0
0.07181894142378317,0.05164423062235044,0.011927792177860969,0.018197931536904813,0.02713758856270932,0.09438148136572456,15.0,ÉLOIGNEMENT,5.0
0.145765,0.019648,0.00756,0.009649,0.0055,0.04017,2.2333,APPROCHE,1.0
0.11326397187665851,0.0505351752297291,0.025013335089866102,0.060134883338765086,0.014114929490347154,0.09838791906545004,0.6591198389299177,COLLISION RISK,5.0
0.07995448534755838,0.03856778571848662,0.010472906470686699,0.009654095881469014,0.00926373889094651,0.09662674081246773,0.6925754259171009,COLLISION RISK,5.0
0.182425,0.00023,0.008765,0.010833,0.0001,0.00296,15.0,STATIONNAIRE,0.1
0.18029,0.000582,0.011195,0.012146,0.0002,0.001605,15.0,STATIONNAIRE,0.1
0.102115,0.014898,0.0097,0.014697,0.0132,0.024885,15.0,ÉLOIGNEMENT,1.0
0.180475,0.000118,0.00986,0.011634,0.0001,0.000455,15.0,STATIONNAIRE,0.1
0.14911009190140836,0.0424036440543551,0.011194562618983508,0.010296477510001813,0.02766490810644877,0.0951901867442213,0.44135631816863086,COLLISION RISK,5.0
0.17594,0.023892,0.008255,0.011305,0.0329,0.066055,0.9089,COLLISION RISK,2.5
0.0595,0.023187,0.01067,0.012323,0.0153,0.0483,15.0,ÉLOIGNEMENT,2.5
0.142875,0.047901,0.009805,0.012508,0.0329,0.10294,0.9273,COLLISION RISK,5.0
0.16509,0.011815,0.012295,0.014549,0.0043,0.03664,6.2566,APPROCHE,1.0
0.115695,0.01793,0.00731,0.008395,0.0097,0.041075,15.0,ÉLOIGNEMENT,1.0
0.16156,0.016596,0.01437,0.025955,0.0037,0.037245,2.621,APPROCHE,1.0
0.10684401370617858,0.047013886519214114,0.010012613787749158,0.011256927182866689,0.018876043174202346,0.10023649844402797,0.33013556016481305,COLLISION RISK,5.0
0.10852594146237814,0.030133612807687706,0.011666631983648744,0.012409240462173761,0.002394271906664259,0.07039269820389436,15.0,ÉLOIGNEMENT,2.5
0.1386104652730156,0.04732792931935056,0.010679808067769471,0.014743329872178995,0.011354573904511504,0.12562112911618564,14.601585948918935,ÉLOIGNEMENT,5.0
0.10848953000002949,0.05435419990504739,0.012358697137193588,0.01485592517789326,0.02281275375340203,0.1151804522879412,15.0,ÉLOIGNEMENT,5.0
0.03353,0.008285,0.01107,0.013418,0.0153,0.014555,15.0,ÉLOIGNEMENT,1.0
0.18503,0.002356,0.01065,0.013537,0.0005,0.00242,15.0,STATIONNAIRE,0.1
0.179005,0.020175,0.008075,0.011019,0.0329,0.059615,0.9137,COLLISION RISK,2.5
0.08066265830121679,0.045157764097463096,0.010232194594231896,0.013233436427907976,0.017193427469158206,0.1072430279495554,0.10958315727519916,COLLISION RISK,5.0
0.046809499266887995,0.024047546465942357,0.010388982859702642,0.010919184766049831,0.013918442641370477,0.08606533806249572,1.2735953878819102,COLLISION RISK,2.5
0.16830111542597953,0.04115027169344655,0.008788239680965274,0.010492583649191877,0.04671747138633867,0.08511752073300125,1.4873834013354974,COLLISION RISK,2.5
0.18407,0.001718,0.011085,0.012917,0.0006,0.00201,15.0,STATIONNAIRE,0.1
0.02903,0.002757,0.015815,0.021867,0.0018,0.01159,15.0,COLLISION RISK,0.1
0.087445,0.019926,0.009885,0.012049,0.0133,0.043165,15.0,ÉLOIGNEMENT,1.0
0.181015,0.000139,0.01137,0.013026,0.0001,0.00038,15.0,STATIONNAIRE,0.1
0.175815,0.004787,0.00989,0.011575,0.0048,0.010015,15.0,STATIONNAIRE,0.1
0.148745,0.044886,0.010785,0.012504,0.0144,0.12229,15.0,ÉLOIGNEMENT,5.0
0.1327330489574872,0.026624782465398178,0.005093475481515728,0.007535325676468729,0.016318151600666696,0.05645810642676951,14.957069601761368,ÉLOIGNEMENT,2.5
0.0894,0.010743,0.01147,0.012824,0.0037,0.02856,15.0,APPROCHE,1.0
0.163915,0.035539,0.008115,0.011103,0.0329,0.083825,0.841,COLLISION RISK,2.5
0.10485,0.017383,0.01061,0.015637,0.0132,0.02811,15.0,ÉLOIGNEMENT,1.0
0.02718,0.001303,0.00999,0.011933,0.0023,0.006055,15.0,COLLISION RISK,0.1
0.07682296243044721,0.04360440773978369,0.009679140436335578,0.014537161520592593,0.0,0.09861613564382385,0.02599290423879469,COLLISION RISK,5.0
0.06249,0.002744,0.00973,0.012574,0.0026,0.012835,15.0,STATIONNAIRE,0.1
0.08641792354478772,0.014441328782688194,0.009324895556680687,0.012152055546948027,0.013621947523107124,0.058292978385469,14.810330273428038,ÉLOIGNEMENT,2.5
0.06216,0.035052,0.00995,0.011509,0.0107,0.099715,0.3021,COLLISION RISK,2.5
0.18547,0.004845,0.02059,0.031776,0.0035,0.014775,5.3621,APPROCHE,1.0
0.11897595690967427,0.05321462731422637,0.01178758889249954,0.015285008541236862,0.029186900723525894,0.11715579889355777,14.298183158453492,ÉLOIGNEMENT,5.0
0.099285,0.005564,0.009665,0.011571,0.0031,0.02649,15.0,ÉLOIGNEMENT,1.0
0.038788223158143016,0.023798473356368702,0.007399339812919329,0.010538860706183699,0.018205829783385738,0.09069100082757742,0.0,COLLISION RISK,2.5
0.13783440893370225,0.055109916690228355,0.012021631721859315,0.01190982127716136,0.00531957192213168,0.12489035155359686,14.761030653942708,ÉLOIGNEMENT,5.0
0.114825,0.004308,0.00838,0.01052,0.0023,0.024495,15.0,STATIONNAIRE,1.0
0.193645,0.002351,0.01092,0.013261,0.0006,0.008885,15.0,STATIONNAIRE,0.1
0.11857,0.025739,0.010725,0.012362,0.006,0.03929,15.0,ÉLOIGNEMENT,2.5
0.181035,0.000778,0.011495,0.011927,0.0002,0.002715,15.0,STATIONNAIRE,0.1
0.12309,0.009248,0.0094,0.011465,0.0034,0.034495,5.6667,APPROCHE,1.0
0.17909,0.00044,0.01144,0.014309,0.0002,0.002535,15.0,APPROCHE,0.1
0.180095,0.000899,0.01094,0.013341,0.0002,0.003195,15.0,STATIONNAIRE,0.1
0.11176,0.001842,0.00851,0.010325,0.0045,0.017885,5.4202,APPROCHE,0.1
0.17757649404886625,0.027015424516123376,0.004159454388378749,0.008228812919566824,0.0023605279618857554,0.07105870529886121,15.0,ÉLOIGNEMENT,2.5
0.084425,0.018937,0.00827,0.009674,0.006,0.033135,15.0,ÉLOIGNEMENT,1.0
0.062685,0.018889,0.0092,0.010961,0.0104,0.032605,15.0,ÉLOIGNEMENT,1.0
0.180545,0.000479,0.012055,0.015169,0.0002,0.001385,15.0,APPROCHE,0.1
0.1401363820836789,0.05219143991482052,0.01246232642516596,0.01688908562449178,0.021194673094527546,0.12500137128358005,15.0,ÉLOIGNEMENT,5.0
0.181,0.000122,0.01137,0.013026,0.0001,0.00045,15.0,STATIONNAIRE,0.1
0.1265775264616529,0.04774057852103909,0.010027766501417047,0.012678351719268613,0.005493326958578179,0.10769701018558826,0.8691270089888868,APPROCHE,5.0
0.180895,0.000463,0.01042,0.014437,0.0002,0.00109,15.0,STATIONNAIRE,0.1
0.12332220251869741,0.025235504963401743,0.011978776842757896,0.020625837924924076,0.012359742888346572,0.03962361393342346,15.0,ÉLOIGNEMENT,2.5
0.10765591277558816,0.03998092395137165,0.010349608281537663,0.013543261899206651,0.011977784517685294,0.08977844519688741,15.0,STATIONNAIRE,2.5
0.1353137101518498,0.04847582404537269,0.024455109399918427,0.05738583804267602,0.010105677677429765,0.07440959759706614,0.5531033118963986,COLLISION RISK,5.0
0.085215,0.024916,0.00989,0.011634,0.0104,0.051935,15.0,ÉLOIGNEMENT,2.5
0.0931,0.013886,0.008685,0.011174,0.0133,0.04285,15.0,ÉLOIGNEMENT,1.0
0.14286120453972959,0.027093264352691528,0.009328497791269659,0.009227532863934976,0.006133212711170668,0.06475893495618665,14.914745865333071,ÉLOIGNEMENT,2.5
0.121705,0.022372,0.00635,0.007225,0.0097,0.04675,15.0,ÉLOIGNEMENT,1.0
0.02782,0.002191,0.017915,0.022932,0.0057,0.011045,15.0,COLLISION RISK,1.0
0.16668,0.017799,0.05229,0.146168,0.0085,0.034485,1.3467,APPROCHE,2.5
0.18469,0.006108,0.02089,0.032074,0.0037,0.02144,4.4698,APPROCHE,1.0
0.18699888730644793,0.022676062396388134,0.00778825013802982,0.007330152309498469,0.02275191316127384,0.06912857746970835,14.770444207065946,ÉLOIGNEMENT,2.5
0.028695,0.002807,0.011645,0.012911,0.0023,0.008195,15.0,COLLISION RISK,0.1
0.00317,0.005315,0.01174,0.015549,0.0012,0.013145,15.0,COLLISION RISK,0.1
0.18035,0.00025,0.0089,0.011204,0.0001,0.000775,15.0,APPROCHE,0.1
0.03718,0.010045,0.010575,0.012504,0.0153,0.017355,15.0,ÉLOIGNEMENT,1.0
0.18103,0.001356,0.011865,0.013554,0.0005,0.00416,15.0,STATIONNAIRE,0.1
0.188565,0.003888,0.012475,0.016556,0.001,0.00387,15.0,STATIONNAIRE,0.1
0.02845,0.001568,0.01051,0.012336,0.0016,0.005805,15.0,COLLISION RISK,0.1
0.024885,0.004355,0.01073,0.01205,0.003,0.006865,15.0,COLLISION RISK,0.1
0.12067,0.032991,0.00891,0.010151,0.0078,0.07139,15.0,ÉLOIGNEMENT,2.5
0.03426,0.002218,0.00741,0.008939,0.0019,0.01458,1.7447,COLLISION RISK,0.1
0.18123,0.000292,0.00868,0.008863,0.0001,0.00157,15.0,STATIONNAIRE,0.1
0.148525,0.045418,0.009445,0.012204,0.0329,0.098805,0.8128,COLLISION RISK,5.0
0.16157,0.026045,0.008165,0.009563,0.0097,0.06826,15.0,ÉLOIGNEMENT,2.5
0.18112,0.000216,0.009915,0.011891,0.0001,0.001215,15.0,STATIONNAIRE,0.1
0.1554313848330908,0.04209095547775693,0.010406564959032067,0.012493016505554377,0.01882374502360045,0.11504585661005538,15.0,ÉLOIGNEMENT,5.0
0.17379,0.010021,0.052405,0.145879,0.0085,0.02196,1.5332,APPROCHE,2.5
0.08499,0.023072,0.009755,0.01239,0.0111,0.06764,15.0,ÉLOIGNEMENT,2.5
0.183405,0.001352,0.012045,0.013685,0.0003,0.001735,15.0,STATIONNAIRE,0.1
0.14430288699398713,0.04286438014591815,0.011048466712132122,0.015345942737726891,0.018632344650284863,0.12698063153280068,15.0,ÉLOIGNEMENT,5.0
0.185275,0.004984,0.02054,0.031881,0.0035,0.0137,7.763,APPROCHE,1.0
0.09319947662633689,0.03985844105580445,0.00686513368471614,0.012505853973414346,0.009228196752004817,0.09596341163047754,1.1369920123631112,COLLISION RISK,5.0
0.17893200925029182,0.029119151232494353,0.011673060089539503,0.014308935474756467,0.0,0.0977065800981643,14.925577397942847,ÉLOIGNEMENT,2.5
0.17479769444624735,0.025738355565866757,0.007299556184823194,0.008220129678327607,0.003476206588180898,0.0690599473174593,15.0,ÉLOIGNEMENT,2.5
0.0666,0.02493,0.010415,0.012304,0.0153,0.04754,15.0,ÉLOIGNEMENT,2.5
0.104855,0.008252,0.00986,0.01119,0.0045,0.023985,3.3519,APPROCHE,1.0
0.109385,0.043318,0.010345,0.013278,0.0122,0.09309,15.0,STATIONNAIRE,5.0
0.186615,0.009004,0.008225,0.010561,0.0038,0.011855,15.0,APPROCHE,1.0
0.16776,0.01796,0.00822,0.009486,0.0092,0.03495,0.8638,COLLISION RISK,1.0
0.152885,0.027568,0.05042,0.145747,0.0085,0.05363,0.7324,COLLISION RISK,2.5
0.11677896231558291,0.052595275164866846,0.012150186511048603,0.01825674884483939,0.02578872447214292,0.12155903874221036,14.979918153183302,ÉLOIGNEMENT,5.0
0.09787333751234711,0.057265170858571295,0.023621468795735977,0.05663454010633837,0.019730924701404938,0.11152197588989071,0.2717268506545123,COLLISION RISK,5.0
0.13223731270963807,0.048883562436634345,0.009936215717742124,0.0148662964060767,0.014874228000188979,0.12559358427714407,14.599575114646226,ÉLOIGNEMENT,5.0
0.019495,0.003883,0.00793,0.00961,0.0014,0.02411,0.7218,COLLISION RISK,0.1
0.19730826520059455,0.01640077241784615,0.0059549338537434405,0.009977101703565635,0.010691929108103465,0.058880981737752205,14.865835142522323,STATIONNAIRE,2.5
0.0319,0.003168,0.00913,0.011241,0.0019,0.01228,1.4726,COLLISION RISK,0.1
0.00349,0.008979,0.007385,0.00983,0.0048,0.060555,-0.0713,COLLISION RISK,1.0
0.142785,0.020549,0.00793,0.009854,0.0055,0.0417,2.1199,APPROCHE,1.0
0.013835,0.003209,0.008025,0.009405,0.0027,0.01895,15.0,COLLISION RISK,0.1
0.026795,0.001007,0.01076,0.012576,0.0023,0.00638,15.0,COLLISION RISK,0.1
0.036,0.008193,0.011995,0.013929,0.0057,0.016565,15.0,ÉLOIGNEMENT,1.0
0.19153,0.004635,0.01189,0.015645,0.0011,0.003145,15.0,STATIONNAIRE,0.1
0.17515,0.009416,0.02108,0.057225,0.014,0.021155,0.8692,COLLISION RISK,1.0
0.14159,0.033658,0.00831,0.010005,0.0078,0.078935,15.0,ÉLOIGNEMENT,2.5
0.124705,0.055565,0.010955,0.016044,0.0175,0.121825,15.0,ÉLOIGNEMENT,5.0
0.03675,0.003027,0.00777,0.009679,0.0019,0.018195,15.0,COLLISION RISK,0.1
0.015544963433445155,0.025919670434322202,0.007907202802562617,0.007922263574372314,0.009383246976217617,0.0917086592828138,0.0,COLLISION RISK,2.5
0.02937290645896341,0.0264517356272028,0.006967292556541388,0.009755897057228317,0.017496058147482767,0.04662989823357613,15.0,ÉLOIGNEMENT,2.5
0.179885,0.000477,0.01271,0.015397,0.0002,0.00118,15.0,APPROCHE,0.1
0.08878,0.037438,0.009815,0.011246,0.0087,0.098115,0.4517,COLLISION RISK,2.5
0.17933,0.000637,0.009435,0.011293,0.0002,0.00332,15.0,STATIONNAIRE,0.1
0.03991,0.005491,0.007825,0.010273,0.0028,0.02089,1.2363,COLLISION RISK,1.0
0.18351,0.00207,0.00891,0.010354,0.0005,0.00321,15.0,STATIONNAIRE,0.1
0.182175,0.00188,0.01144,0.01398,0.0006,0.004475,15.0,STATIONNAIRE,0.1
0.18691,0.019368,0.00644,0.008493,0.0199,0.07202,15.0,ÉLOIGNEMENT,2.5
0.015365,0.003277,0.008475,0.009702,0.003,0.005295,15.0,COLLISION RISK,0.1
0.0915273327567101,0.024969338153882754,0.008871485815895261,0.014137940630839497,0.006594566701319316,0.06987692082552417,14.8288977251813,STATIONNAIRE,2.5
0.058595,0.006579,0.01305,0.021954,0.0034,0.01724,1.3553,COLLISION RISK,1.0
0.17369,0.005824,0.00869,0.010588,0.0048,0.012055,15.0,STATIONNAIRE,0.1
0.12871524726195857,0.04807318968689714,0.009306374315493204,0.010139915375430124,0.015041681715066677,0.08083658841969986,0.42434727603891015,COLLISION RISK,2.5
0.074695,0.039551,0.01026,0.012045,0.0107,0.101125,0.3093,COLLISION RISK,5.0
0.043890097992914594,0.01782885460862294,0.008919177449946346,0.010140204592306275,0.0022147612762845274,0.0808393710265682,1.139533712743748,COLLISION RISK,2.5
0.14961386375222802,0.035209879502491416,0.016451811369572678,0.016747040740002613,0.00807758079189053,0.060404347068470386,14.95618028341232,ÉLOIGNEMENT,2.5
0.18106,0.000128,0.00962,0.010263,0.0001,0.001175,15.0,STATIONNAIRE,0.1
0.18048,0.000487,0.01044,0.013041,0.0002,0.001415,15.0,APPROCHE,0.1
0.069355,0.004666,0.013085,0.014984,0.0019,0.021565,5.5061,APPROCHE,1.0
0.192275,0.003507,0.009335,0.011775,0.0007,0.00563,15.0,STATIONNAIRE,0.1
0.18603,0.000551,0.011165,0.014581,0.0004,0.00691,15.0,STATIONNAIRE,0.1
0.13624715609778704,0.036975214850417354,0.04957399577468117,0.14740334284700943,0.008653624666471571,0.07548129562187261,0.6464426846186205,COLLISION RISK,5.0
0.19475,0.002717,0.011085,0.011486,0.0007,0.011085,15.0,STATIONNAIRE,0.1
0.10894,0.044524,0.0096,0.011215,0.0107,0.09408,0.4675,COLLISION RISK,5.0
0.05033,0.008894,0.00781,0.009307,0.0046,0.026625,15.0,COLLISION RISK,1.0
0.06657,0.043881,0.023635,0.058298,0.014,0.11927,0.0864,COLLISION RISK,5.0
0.11439,0.025768,0.010365,0.011966,0.006,0.03695,15.0,ÉLOIGNEMENT,1.0
0.02739,0.001542,0.01093,0.012416,0.0023,0.007265,15.0,COLLISION RISK,0.1
0.023105,0.001476,0.00806,0.010143,0.0014,0.02887,0.6546,COLLISION RISK,0.1
0.18276,0.001318,0.01116,0.012457,0.0003,0.001725,15.0,STATIONNAIRE,0.1
0.172355,0.01552,0.01434,0.026171,0.0037,0.032545,3.0986,APPROCHE,1.0
0.02554,0.024579,0.007475,0.009286,0.0085,0.09352,-0.0681,COLLISION RISK,2.5
0.17815,0.002866,0.00964,0.011568,0.0048,0.008295,14.4664,APPROCHE,0.1
0.06641,0.032329,0.00941,0.010667,0.0087,0.093465,0.4824,COLLISION RISK,2.5
0.18053,0.000182,0.00939,0.010742,0.0001,0.000675,15.0,STATIONNAIRE,0.1
0.19213,0.019402,0.010635,0.01195,0.008,0.08486,15.0,ÉLOIGNEMENT,2.5
0.08171421086833555,0.039057924884858375,0.00940184545218934,0.012157638978772181,0.0,0.09839724988172419,0.023413603480254064,COLLISION RISK,5.0
0.067285,0.00322,0.01392,0.016096,0.0026,0.01846,4.0509,APPROCHE,1.0
0.06149357108779811,0.028274912015979325,0.007993627774659466,0.012975220349312165,0.015473332458281443,0.09777311392970316,0.13629334085549866,COLLISION RISK,2.5
0.08677755069038517,0.0407784435912427,0.00951585393588455,0.012423179528919715,0.00700862485575246,0.09823783764246283,0.10051483503736938,COLLISION RISK,5.0
0.007,0.012248,0.007745,0.010327,0.0048,0.068865,-0.1057,COLLISION RISK,1.0
0.179345,0.000466,0.01197,0.014568,0.0002,0.00246,15.0,APPROCHE,0.1
0.192045,0.005448,0.01212,0.01408,0.0027,0.03392,15.0,ÉLOIGNEMENT,1.0
0.18074,0.001756,0.015305,0.022341,0.0035,0.005285,15.0,STATIONNAIRE,0.1
0.06060451998236498,0.040278726917321435,0.012731360243215264,0.015093793865723392,0.00602739925623248,0.11467414225892666,0.3291010131772792,COLLISION RISK,5.0
0.15978485735229697,0.02384801985439449,0.0503099360256133,0.14920026344305995,0.005097020992387631,0.03950099471433589,1.2128464405073511,COLLISION RISK,2.5
0.06988226430548952,0.03979226575995008,0.02312396609631808,0.05946097131577947,0.005831165983203625,0.11750858200402502,0.0462761436029788,COLLISION RISK,5.0
0.18425,0.002216,0.0085,0.010315,0.0005,0.002825,15.0,STATIONNAIRE,0.1
0.1637638246704416,0.03884121565520053,0.009214958948632822,0.009916206117364882,0.015698110661817602,0.11603540450593175,15.0,ÉLOIGNEMENT,5.0
0.14162601911372802,0.04698572930278388,0.00975508113403089,0.013077979217221007,0.01828552853610701,0.12462081667780747,15.0,ÉLOIGNEMENT,5.0
0.07673147740227461,0.03780173202026515,0.012096219703567458,0.011328636869486259,0.007530326159588119,0.10241436232895253,0.0,COLLISION RISK,5.0
0.14006,0.029265,0.00649,0.007631,0.0097,0.059475,15.0,ÉLOIGNEMENT,2.5
0.17546,0.016957,0.013155,0.014374,0.0058,0.054505,15.0,ÉLOIGNEMENT,1.0
0.208,0.003184,0.00907,0.010534,0.0011,0.02788,15.0,STATIONNAIRE,1.0
0.036505,0.001613,0.014555,0.016819,0.0012,0.005215,15.0,COLLISION RISK,0.1
0.18087,0.000185,0.009705,0.012135,0.0001,0.000695,15.0,APPROCHE,0.1
0.0768525981013015,0.04862770069280741,0.00718836747655984,0.010932591708408448,0.009103946665548649,0.10390340370706219,14.379049015365975,ÉLOIGNEMENT,5.0
0.194905,0.001802,0.009795,0.012098,0.0015,0.023725,15.0,STATIONNAIRE,0.1
0.011155,0.006473,0.009165,0.012019,0.0043,0.00772,15.0,COLLISION RISK,0.1
0.03745,0.022964,0.00877,0.010929,0.0074,0.083555,0.2126,COLLISION RISK,2.5
0.0299,0.00321,0.01426,0.019684,0.0019,0.01248,15.0,COLLISION RISK,0.1
0.11188703102176435,0.04300950830546515,0.010582356794135878,0.010594436248488071,0.011678366404576496,0.09199359230603515,0.09717232674096832,COLLISION RISK,5.0
0.094775,0.011403,0.01094,0.012574,0.0037,0.027165,2.6962,APPROCHE,1.0
0.180545,0.000216,0.00971,0.012132,0.0001,0.00051,15.0,APPROCHE,0.1
0.1493443460040006,0.03124175331287843,0.04981145232793209,0.14334829527032947,0.011466660484501711,0.049397526505736374,0.4735037448047814,COLLISION RISK,2.5
0.09471797906862861,0.05697316847990115,0.010302750080937464,0.01273245783590146,0.019869841552827,0.10539306877907778,15.0,ÉLOIGNEMENT,5.0
0.185905,0.002455,0.010065,0.011805,0.0007,0.002065,15.0,STATIONNAIRE,0.1
0.060265,0.001585,0.007215,0.009102,0.0021,0.01002,15.0,ÉLOIGNEMENT,0.1
0.1221826926247265,0.02915486892122066,0.013012416571975402,0.015608512462096042,0.010359442843797025,0.047007054465983585,15.0,ÉLOIGNEMENT,2.5
0.180385,0.000631,0.012095,0.012482,0.0002,0.00177,15.0,STATIONNAIRE,0.1
0.17315,0.012161,0.00786,0.009302,0.0077,0.024345,1.2196,APPROCHE,1.0
0.15115865946006585,0.03408762544313936,0.008329824167179974,0.009050259847846225,0.009771912962239254,0.07868350931122238,14.421548786975935,ÉLOIGNEMENT,2.5
0.111055,0.021964,0.01157,0.016202,0.0132,0.034505,15.0,ÉLOIGNEMENT,1.0
0.15865,0.016649,0.0137,0.025459,0.0037,0.03851,2.8943,APPROCHE,1.0
0.20829,0.002782,0.00906,0.010539,0.0014,0.03094,15.0,STATIONNAIRE,1.0
0.19527,0.002655,0.01171,0.013517,0.0019,0.026945,15.0,STATIONNAIRE,1.0
0.041888693886523255,0.03141065863668997,0.010573886209557116,0.008589308415538255,0.02597619625001166,0.08973852476056761,1.1807575660468546,COLLISION RISK,2.5
0.090925,0.051893,0.024115,0.058182,0.014,0.111155,0.1766,COLLISION RISK,5.0
0.178785,0.003529,0.00798,0.009941,0.0038,0.00988,15.0,APPROCHE,0.1
0.09465459282338112,0.05955262218352353,0.007202111691881285,0.012489893154870195,0.01476474898451361,0.10555737912685723,15.0,ÉLOIGNEMENT,5.0
0.08595872255858016,0.022380823791924312,0.010399879346467897,0.012383733814627918,0.014430871732266728,0.07138278408379171,15.0,STATIONNAIRE,2.5
0.183855,0.001343,0.01401,0.015977,0.0003,0.00179,15.0,STATIONNAIRE,0.1
0.180035,0.000274,0.00973,0.011785,0.0001,0.001285,15.0,APPROCHE,0.1
0.05669,0.028289,0.0094,0.010631,0.0087,0.08998,0.5278,COLLISION RISK,2.5
0.0241,0.004271,0.011085,0.01261,0.003,0.007295,15.0,COLLISION RISK,0.1
0.183025,0.00725,0.00764,0.008447,0.0329,0.01855,8.2031,APPROCHE,1.0
0.19154994863635177,0.02298204426731831,0.00938711773836216,0.012670242141486166,0.00564514260638805,0.08059712617551863,14.462125829902426,ÉLOIGNEMENT,2.5
0.096075,0.006716,0.008825,0.010697,0.0088,0.022825,3.8436,APPROCHE,1.0
0.1555436307845467,0.04447035316739126,0.013428938767502962,0.015746760677520222,0.009699132045378464,0.1135507057133082,15.0,ÉLOIGNEMENT,5.0
0.15257361708777623,0.02173814351535968,0.01112285316302922,0.007776064791068291,0.0059657308300551815,0.06768366684183569,14.855810638318161,ÉLOIGNEMENT,2.5
0.17631,0.01362,0.01477,0.026437,0.0037,0.02949,3.9325,APPROCHE,1.0
0.18846,0.008597,0.011525,0.013236,0.0036,0.04068,15.0,ÉLOIGNEMENT,1.0
0.138485,0.030472,0.014325,0.018018,0.0132,0.054985,15.0,ÉLOIGNEMENT,2.5
0.193475,0.005108,0.010815,0.011861,0.0028,0.034575,15.0,STATIONNAIRE,1.0
0.20039,0.01264,0.010225,0.011864,0.006,0.070665,15.0,ÉLOIGNEMENT,2.5
0.10180382935615416,0.03979341314815475,0.010320286025518564,0.012083023946264052,0.023305872636662908,0.09369250802824221,0.08445570589754836,COLLISION RISK,5.0
0.14100398721817223,0.02631614659486883,0.005135084640227861,0.008425239508551084,0.010735350577806155,0.053387474816027854,14.201035462616197,ÉLOIGNEMENT,2.5
0.06505399381421145,0.050122639599217075,0.010624178785432526,0.016537170777849775,0.017612681825898698,0.08142865890494085,14.134114299875836,ÉLOIGNEMENT,5.0
0.021602910498829987,0.020878595696159682,0.007399811652557067,0.011252738329477159,0.0,0.09075150943081951,0.0,COLLISION RISK,2.5
0.179805,0.011623,0.01488,0.02637,0.0037,0.02649,4.6446,APPROCHE,1.0
0.07178425449272796,0.05405502945061501,0.012055798865657451,0.015334979873119102,0.021599973956866417,0.09244789955918475,14.24937891758325,ÉLOIGNEMENT,5.0
0.05094073094535333,0.038754062234642325,0.007934440600839102,0.01060149369634971,0.018081914409455696,0.07002488643872165,15.0,ÉLOIGNEMENT,2.5
0.09339074700373835,0.05953725316428995,0.009955640856172076,0.021027732725297607,0.029307393657568813,0.10113179865009515,15.0,ÉLOIGNEMENT,5.0
0.18197,0.000426,0.009265,0.011326,0.0002,0.003365,15.0,STATIONNAIRE,0.1
0.05204,0.01043,0.01374,0.023362,0.0034,0.022565,1.1358,COLLISION RISK,1.0
0.07709,0.035295,0.0091,0.009983,0.0087,0.096295,0.4529,COLLISION RISK,2.5
0.150095,0.016316,0.00754,0.009659,0.0037,0.04013,2.8997,APPROCHE,1.0
0.17182753691764985,0.02276843532272859,0.00949959015793355,0.013237609510267735,0.03973494543717006,0.06643046409118866,1.0478610546569316,COLLISION RISK,2.5
0.148405,0.029535,0.00733,0.008524,0.0097,0.063785,15.0,ÉLOIGNEMENT,2.5
0.082815,0.050123,0.024055,0.058193,0.014,0.115915,0.1449,COLLISION RISK,5.0
0.03078177483389299,0.02641025875535899,0.007333878362701168,0.008375676673479696,0.02211951735117798,0.03951799840301849,15.0,ÉLOIGNEMENT,2.5
0.18109,0.000345,0.01067,0.015201,0.0002,0.000945,15.0,STATIONNAIRE,0.1
0.17995,0.000862,0.01082,0.013226,0.0002,0.003235,15.0,STATIONNAIRE,0.1
0.044685,0.04033,0.0081,0.00973,0.0161,0.06586,15.0,ÉLOIGNEMENT,2.5
0.103925,0.003165,0.008835,0.010385,0.0097,0.0227,15.0,ÉLOIGNEMENT,1.0
0.123625,0.049411,0.010605,0.013378,0.0122,0.094835,2.0459,APPROCHE,5.0
0.180865,0.000208,0.010005,0.01313,0.0002,0.001175,15.0,APPROCHE,0.1
0.181145,0.000299,0.01084,0.015138,0.0002,0.000915,15.0,STATIONNAIRE,0.1
0.182555,0.001288,0.01092,0.01231,0.0003,0.00171,15.0,STATIONNAIRE,0.1
0.0956810241428308,0.054208554513664714,0.01023757374305975,0.013279592497536517,0.012846305973424014,0.11304521681252504,14.319146240010118,ÉLOIGNEMENT,5.0
0.179705,0.000357,0.011345,0.012916,0.0001,0.0019,15.0,APPROCHE,0.1
0.12922862085632436,0.05535869721254598,0.010896959241979516,0.013322743257130398,0.00851721873894274,0.11195053946034249,1.3173176344411452,APPROCHE,5.0
0.200535,0.005711,0.01112,0.013607,0.0011,0.007485,15.0,STATIONNAIRE,0.1
0.027422753137619646,0.02300024075466036,0.007895521982350715,0.010986887910340548,0.003962013170054324,0.0764700777957928,0.40527019524584135,COLLISION RISK,2.5
0.12091093831598615,0.05662685470727376,0.027456740442611507,0.059584748802667176,0.01352829416875109,0.08647139906823734,0.5549376545575897,COLLISION RISK,5.0
0.191505,0.002814,0.01122,0.01403,0.0006,0.004755,15.0,STATIONNAIRE,0.1
0.15550238759280122,0.03891284954749232,0.011636192951176308,0.011890613382965974,0.008554372936097943,0.12103283837271732,15.0,ÉLOIGNEMENT,5.0
0.10474462825747825,0.05503815025393753,0.024675253704671277,0.05808057254322442,0.00698873411206035,0.0982526964316292,0.14749821128768031,COLLISION RISK,5.0
0.12837667889501947,0.0533629119085911,0.010534174680418368,0.011653080628457348,0.0037102556744915884,0.12045199526687381,14.442467582474832,ÉLOIGNEMENT,5.0
0.17752,0.001023,0.00874,0.010513,0.0015,0.004555,15.0,APPROCHE,0.1
0.185085,0.011073,0.012305,0.014055,0.0043,0.04537,15.0,ÉLOIGNEMENT,1.0
0.163005,0.037531,0.010525,0.012161,0.0127,0.11327,15.0,ÉLOIGNEMENT,5.0
0.1673540403650882,0.0314316701590976,0.008802007345166004,0.010644181397792241,0.012005653568676462,0.08426818828623338,15.0,ÉLOIGNEMENT,2.5
0.10513,0.005373,0.008355,0.009934,0.0097,0.025875,15.0,ÉLOIGNEMENT,1.0
0.17871,0.000262,0.009525,0.011797,0.0001,0.00282,15.0,STATIONNAIRE,0.1
0.14072,0.037432,0.009,0.010517,0.0107,0.06877,0.5946,COLLISION RISK,2.5
0.115635,0.004834,0.00826,0.010485,0.0023,0.025595,6.8529,APPROCHE,1.0
0.181525,0.000392,0.012825,0.014764,0.0001,0.00027,15.0,STATIONNAIRE,0.1
0.1400260144324269,0.03206063211093034,0.05419107873188837,0.1456459167327041,0.006419408618938064,0.06460811070238394,0.8251094416654247,COLLISION RISK,5.0
0.09641918376274944,0.0375151378665238,0.017786669419968263,0.041668758240434305,0.02031833581541346,0.10038825559104869,0.39173342381544746,COLLISION RISK,5.0
0.15575,0.016649,0.0088,0.011067,0.0037,0.039435,3.319,APPROCHE,1.0
0.07661,0.022692,0.00912,0.010969,0.0104,0.044695,15.0,ÉLOIGNEMENT,2.5
0.15673,0.03045,0.00788,0.009577,0.0078,0.079055,15.0,ÉLOIGNEMENT,2.5
0.15271325474502154,0.028852793292437826,0.05085859481984258,0.14555737425623588,0.003789576416827896,0.06380642348228131,1.309124951166166,COLLISION RISK,5.0
0.0711908650951403,0.038229432385117695,0.010801566768967657,0.008693954515682925,0.012657648025080112,0.09959616343966658,0.12334791237844711,COLLISION RISK,2.5
0.192835,0.011148,0.008285,0.010512,0.0023,0.00928,15.0,ÉLOIGNEMENT,1.0
0.184525,0.00513,0.01521,0.021955,0.0035,0.01139,7.6794,APPROCHE,1.0
0.10201416817225187,0.056913809013540914,0.02595238177107803,0.05608164715065252,0.004813354984665667,0.1013134867617173,0.0,COLLISION RISK,5.0
0.10306553423565473,0.060318326208422576,0.011432464091591472,0.012002731513365466,0.015011687581344284,0.10401094070473182,15.0,ÉLOIGNEMENT,5.0
0.19492,0.005317,0.010225,0.013011,0.0011,0.00363,15.0,STATIONNAIRE,0.1
0.076855,0.013959,0.00674,0.008462,0.0088,0.029375,2.4943,APPROCHE,1.0
0.1468,0.032844,0.0086,0.010011,0.0078,0.07979,15.0,ÉLOIGNEMENT,2.5
0.1741337751694081,0.02057715048216454,0.008175642978712807,0.010349815500339,0.017768250171989887,0.06558889184145841,15.0,ÉLOIGNEMENT,2.5
0.06863,0.004334,0.012425,0.014383,0.0019,0.02065,15.0,ÉLOIGNEMENT,1.0
0.12246973343910081,0.037452995523656336,0.04853216044597961,0.14586278241076567,0.008831662849291993,0.0800512978480228,0.992117917555285,COLLISION RISK,5.0
0.134155,0.030218,0.01348,0.017161,0.0132,0.0523,15.0,ÉLOIGNEMENT,2.5
0.04835,0.014414,0.011675,0.01333,0.0153,0.035575,15.0,ÉLOIGNEMENT,1.0
0.09563,0.00713,0.008405,0.010858,0.0132,0.014485,15.0,ÉLOIGNEMENT,1.0
0.18532,0.001055,0.01252,0.014832,0.0003,0.003035,15.0,STATIONNAIRE,0.1
0.06736214440623135,0.04948627170364062,0.01134771883447036,0.01714806352405351,0.020204432740261284,0.08889305070626742,14.92979302888518,ÉLOIGNEMENT,5.0
0.09665,0.008385,0.008845,0.011023,0.0131,0.044255,6.8641,APPROCHE,1.0
0.1550056938979755,0.038141237928540635,0.006317297381939521,0.0124199363263477,0.028224226402871408,0.08945384992101488,0.5818826185674171,COLLISION RISK,5.0
0.16348205136395771,0.032309051097106745,0.024692063959607758,0.05721769393479365,0.01991433630094138,0.0489999229923851,1.4285675001847267,COLLISION RISK,2.5
0.0273716291140345,0.019518361746371574,0.008414638591703891,0.011032842095970552,0.0,0.07281700299059189,15.0,COLLISION RISK,2.5
0.15676407458201808,0.030128336092980323,0.023732960027590604,0.057962460574777316,0.005534896817565303,0.06090036542171467,0.45928776760757584,COLLISION RISK,2.5
0.15250897841590472,0.03916387478057307,0.009881939601662679,0.01475891016191517,0.015013907434383236,0.12083640464499744,14.406044840702446,ÉLOIGNEMENT,5.0
0.182515,0.002028,0.01173,0.013968,0.0006,0.004445,15.0,STATIONNAIRE,0.1
0.017433121537079634,0.027454241508639895,0.00853844235935525,0.010638795155526832,0.003058579035149475,0.09655994810816607,0.03509879684802647,COLLISION RISK,2.5
0.136495,0.021652,0.00769,0.009928,0.0055,0.045535,2.2601,APPROCHE,1.0
0.156195,0.041132,0.010835,0.012389,0.0135,0.117825,15.0,ÉLOIGNEMENT,5.0
0.06529,0.051316,0.00901,0.010347,0.0161,0.085485,15.0,ÉLOIGNEMENT,5.0
0.10152,0.003216,0.009255,0.011086,0.0031,0.021905,15.0,STATIONNAIRE,0.1
0.1439711484410215,0.025272506541410982,0.014501451291208223,0.01701182651288913,0.006872178666803446,0.07017293240087856,15.0,ÉLOIGNEMENT,2.5
0.034685,0.008999,0.010715,0.012822,0.0153,0.01579,15.0,ÉLOIGNEMENT,1.0
0.028685,0.003141,0.017325,0.022675,0.0057,0.010345,15.0,COLLISION RISK,1.0
0.02713,0.001356,0.01039,0.012008,0.0023,0.00706,15.0,COLLISION RISK,0.1
0.03534927646928288,0.02975012457235253,0.008429327984823699,0.012062056877400293,0.02092881907240283,0.04717528915242921,15.0,ÉLOIGNEMENT,2.5
0.17181326133227776,0.010223000147139213,0.05272616321699575,0.14531041353072652,0.016992896815065096,0.015042206819335595,2.1678155360017843,APPROCHE,2.5
0.04812,0.023367,0.00928,0.010554,0.0087,0.084425,0.6108,COLLISION RISK,2.5
0.05806,0.048082,0.00901,0.010347,0.0161,0.07921,15.0,ÉLOIGNEMENT,5.0
0.01771360726759306,0.02862556784887767,0.008395628557259076,0.010685388881979549,0.002877937052815826,0.08873166071413449,0.1316974492049846,COLLISION RISK,2.5
0.18017,0.00049,0.0126,0.015241,0.0002,0.00139,15.0,APPROCHE,0.1
0.09488,0.043338,0.00955,0.011526,0.0107,0.09917,0.3278,COLLISION RISK,5.0
0.15732383057155974,0.04054610691325372,0.01209253047410257,0.010816213830192212,0.020080520560799644,0.11947528517108308,15.0,ÉLOIGNEMENT,5.0
0.18041,0.000958,0.01081,0.012581,0.0002,0.00304,15.0,STATIONNAIRE,0.1
0.17287946810406152,0.034983147409450056,0.008400631759486531,0.013571192908527454,0.03278225908513715,0.07764506753450474,0.7399326021426552,COLLISION RISK,2.5
0.01301,0.002874,0.00822,0.009557,0.0027,0.03651,0.9165,COLLISION RISK,1.0
0.18006,0.000346,0.009925,0.012462,0.0001,0.0015,15.0,STATIONNAIRE,0.1
0.1168,0.018569,0.00858,0.010484,0.0055,0.050185,2.9521,APPROCHE,1.0
0.140745,0.042758,0.02575,0.059213,0.014,0.07359,0.4514,COLLISION RISK,5.0
0.182245,0.000307,0.010035,0.012048,0.0002,0.00318,15.0,STATIONNAIRE,0.1
0.034980213550163605,0.028803628512544296,0.00827688261244098,0.010175306269634074,0.009432323017217813,0.08825931438415463,0.2596884869523641,COLLISION RISK,2.5
0.14225271113292523,0.03621848505381203,0.04952528730606254,0.1477267546786079,0.00973530115082514,0.07083839558206804,0.0,COLLISION RISK,5.0
0.183405,0.008102,0.01544,0.026668,0.0037,0.024485,4.0999,APPROCHE,1.0
0.07998,0.015569,0.00898,0.010503,0.0097,0.058405,15.0,ÉLOIGNEMENT,1.0
0.1404613108049611,0.04815852119017951,0.011581681666650266,0.014779955359870537,0.037352497819216006,0.10684221191766405,1.0761674725888382,COLLISION RISK,5.0
0.181145,0.000218,0.01196,0.013411,0.0001,0.00025,15.0,STATIONNAIRE,0.1
0.06454463932155752,0.027738680320605037,0.011704587719870123,0.01586553381446296,0.004771278956548594,0.04727433237781172,15.0,STATIONNAIRE,2.5
0.01261,0.001303,0.00629,0.007562,0.0009,0.0139,15.0,COLLISION RISK,0.1
0.08132719937823998,0.041476067812569635,0.012654253627094787,0.010113928470876943,0.014838246831471166,0.09700762612976929,0.0,COLLISION RISK,5.0
0.11347405236382277,0.059328648316351346,0.01073223966280298,0.014701210280312032,0.020393493716083944,0.12399463069448863,15.0,ÉLOIGNEMENT,5.0
0.1729,0.006089,0.00874,0.010608,0.0048,0.01229,4.6017,APPROCHE,0.1
0.122505,0.043203,0.00959,0.01075,0.0107,0.08436,0.4479,COLLISION RISK,2.5
0.189265,0.004079,0.012655,0.016573,0.0011,0.003605,15.0,STATIONNAIRE,0.1
0.18561,0.001285,0.00943,0.012603,0.0008,0.01099,15.0,STATIONNAIRE,0.1
0.12276,0.025565,0.010725,0.012362,0.006,0.041605,15.0,ÉLOIGNEMENT,2.5
0.08497154011992566,0.04473029836352193,0.00958564263455603,0.011761194766591375,0.014255403643083983,0.10131998047821371,0.38087200381896275,COLLISION RISK,5.0
0.16776230791272034,0.02350879551460834,0.006632059334108004,0.009991451887499137,0.04039883191646729,0.06746386236812651,0.3610207281259733,COLLISION RISK,2.5
0.208445,0.002511,0.00912,0.010594,0.0016,0.03417,15.0,STATIONNAIRE,1.0
0.114215,0.057616,0.010435,0.012311,0.0161,0.11733,15.0,ÉLOIGNEMENT,5.0
-0.00042,0.0037,0.010025,0.013368,0.0028,0.044785,0.1856,COLLISION RISK,1.0
0.185625,0.000932,0.01235,0.014839,0.0003,0.0039,15.0,STATIONNAIRE,0.1
0.18103,0.000387,0.01096,0.015202,0.0002,0.000985,15.0,STATIONNAIRE,0.1
0.05911372050442825,0.030195104125718384,0.009474786102134952,0.012615216987270578,0.00029695223835034083,0.09579932755837806,0.4802410494553862,COLLISION RISK,2.5
0.19301,0.016765,0.00717,0.009174,0.0199,0.06309,15.0,STATIONNAIRE,2.5
0.11293560990698062,0.05639489106121966,0.012829800987740756,0.012077152733094999,0.015311164425969992,0.11633607485045004,15.0,ÉLOIGNEMENT,5.0
0.13607,0.028515,0.00602,0.006944,0.0097,0.057135,15.0,ÉLOIGNEMENT,2.5
0.05927,0.005725,0.01324,0.022567,0.0034,0.015995,1.3712,COLLISION RISK,1.0
0.013165,0.002038,0.00653,0.007776,0.0011,0.016045,15.0,COLLISION RISK,0.1
0.18608,0.010673,0.00757,0.009394,0.0329,0.037135,1.2899,APPROCHE,1.0
0.1093135451853922,0.042130026004180365,0.05028881401163743,0.14763777312830584,0.012859948141995606,0.0989264093827256,0.3790334479723849,COLLISION RISK,5.0
0.19925,0.012764,0.00681,0.008928,0.0199,0.051,15.0,STATIONNAIRE,1.0
0.069938803156163,0.052768477356798855,0.010939169105339461,0.011789934929333067,0.01989780590360485,0.08960118427184906,14.671011634860283,ÉLOIGNEMENT,5.0
0.179735,0.000115,0.010135,0.012146,0.0001,0.000575,15.0,STATIONNAIRE,0.1
0.18025,0.000929,0.01016,0.01253,0.0002,0.00314,15.0,STATIONNAIRE,0.1
0.15297948865034852,0.029722918407517805,0.013834466734478839,0.020224955897014785,0.015245930113662803,0.060925866897091896,15.0,ÉLOIGNEMENT,2.5
0.030265,0.018991,0.00924,0.011382,0.0073,0.07778,0.2146,COLLISION RISK,2.5
0.157175,0.027732,0.00757,0.008652,0.0097,0.0677,15.0,ÉLOIGNEMENT,2.5
0.11200875676430395,0.06176897325446275,0.00998270761070818,0.013819482639614897,0.0018327467913387858,0.11731722303828238,15.0,ÉLOIGNEMENT,5.0
0.045495,0.012152,0.011735,0.013365,0.0153,0.0294,15.0,ÉLOIGNEMENT,1.0
0.059145,0.04065,0.023515,0.058316,0.013,0.11648,0.0595,COLLISION RISK,5.0
0.096945,0.007615,0.00812,0.009414,0.0029,0.034935,6.381,APPROCHE,1.0
0.02755,0.001241,0.01114,0.012556,0.0023,0.00571,15.0,COLLISION RISK,0.1
0.18242,0.00028,0.0102,0.01304,0.0001,0.00158,15.0,STATIONNAIRE,0.1
0.208275,0.002881,0.01007,0.011424,0.0024,0.041155,15.0,STATIONNAIRE,1.0
0.175175,0.00511,0.00934,0.011022,0.0048,0.010305,8.7003,APPROCHE,0.1
0.13437845200377294,0.03412638301731039,0.05209730947845819,0.14584916395319017,0.008786941183918746,0.07608909157700293,1.0396718309537585,COLLISION RISK,5.0
0.16524,0.022332,0.01523,0.018181,0.0086,0.060685,15.0,ÉLOIGNEMENT,2.5
0.03024360132125094,0.03752282700189153,0.008554487024378214,0.008597378947978386,0.02696570159799166,0.05320736204408811,14.46996941162558,ÉLOIGNEMENT,2.5
0.08821831678700795,0.0510521926866093,0.02553368083472598,0.05916804744508435,0.014743504558055868,0.10954029144202654,0.3359796491431518,COLLISION RISK,5.0
0.14883115581696937,0.048283173456587405,0.01131624937806259,0.015873724392174302,0.017524161688695354,0.12478981208250596,15.0,ÉLOIGNEMENT,5.0
0.128485,0.011966,0.00868,0.011054,0.0036,0.03724,4.0061,APPROCHE,1.0
0.06047,0.001954,0.007865,0.009394,0.0021,0.009175,15.0,STATIONNAIRE,0.1
0.066775,0.002632,0.01284,0.01532,0.0026,0.019085,4.2825,APPROCHE,0.1
0.16034503647357656,0.024268566543228672,0.008075282423366725,0.008392369299537754,0.007171320163093964,0.06939708450387089,14.949275400838792,ÉLOIGNEMENT,2.5
0.12306246123207679,0.0560373437748823,0.011330659651895775,0.017340794862811194,0.014516394316465972,0.1259293894231266,14.392985147193842,ÉLOIGNEMENT,5.0
0.082805,0.036459,0.00892,0.009934,0.0087,0.09755,0.449,COLLISION RISK,2.5
0.18348,0.001505,0.011555,0.013172,0.0005,0.001965,15.0,STATIONNAIRE,0.1
0.09472,0.027564,0.00999,0.011619,0.0104,0.06029,15.0,ÉLOIGNEMENT,2.5
0.019255,0.016963,0.00895,0.011119,0.0161,0.03007,15.0,ÉLOIGNEMENT,1.0
0.04436,0.020785,0.00862,0.010193,0.0079,0.08104,0.6777,COLLISION RISK,2.5
0.15372181177289956,0.030261165306676146,0.007920979816064124,0.010487427306931143,0.013345809091167612,0.06709009463858133,1.0041801807810162,APPROCHE,2.5
0.02766,0.001938,0.017135,0.022619,0.0057,0.01179,15.0,COLLISION RISK,1.0
0.182255,0.014267,0.009145,0.010934,0.0054,0.05402,15.0,ÉLOIGNEMENT,1.0
0.074975,0.014411,0.00621,0.007973,0.0088,0.02992,1.8743,APPROCHE,1.0
0.17899,0.000377,0.012045,0.015106,0.0002,0.00246,15.0,APPROCHE,0.1
0.172645,0.013806,0.023005,0.058471,0.014,0.02841,0.7805,COLLISION RISK,1.0
0.12008302289938695,0.028246056046987957,0.010869137639677014,0.017191525707764627,0.01817072709417064,0.044337059124882054,14.975582629812001,ÉLOIGNEMENT,2.5
0.09295016867641534,0.05257136131596863,0.02441587732900656,0.06140222410704648,0.005435998462907208,0.10221328237295103,0.0,COLLISION RISK,5.0
0.195465,0.015376,0.00728,0.009084,0.0199,0.059285,15.0,STATIONNAIRE,2.5
0.180795,0.001241,0.011925,0.013606,0.0005,0.004045,15.0,STATIONNAIRE,0.1
0.193595,0.003733,0.010875,0.012728,0.0023,0.0297,15.0,ÉLOIGNEMENT,1.0
0.046065,0.027347,0.01032,0.012105,0.0096,0.091005,0.2212,COLLISION RISK,2.5
0.07163,0.033933,0.00874,0.009565,0.0087,0.09494,0.4665,COLLISION RISK,2.5
0.15677134793986067,0.026155471902577984,0.007656219561394789,0.009692387037907592,0.017231241665735267,0.050563147200368544,0.8244873608975734,COLLISION RISK,2.5
0.15912,0.039118,0.008965,0.01193,0.0329,0.088815,0.7212,COLLISION RISK,5.0
0.12887,0.041728,0.00953,0.010753,0.0107,0.07965,0.5335,COLLISION RISK,2.5
0.11207559615408506,0.06105454106951077,0.01188201692631891,0.014119994571234699,0.017126853898004137,0.11739089601040643,15.0,ÉLOIGNEMENT,5.0
0.03299,0.031321,0.00672,0.007947,0.0161,0.05179,15.0,ÉLOIGNEMENT,2.5
0.09993,0.009732,0.00787,0.009264,0.0039,0.039255,5.0897,APPROCHE,1.0
0.05751,0.011799,0.00731,0.009212,0.0046,0.026515,1.585,COLLISION RISK,1.0
0.087345,0.020707,0.00804,0.009267,0.006,0.03121,15.0,ÉLOIGNEMENT,1.0
0.180815,0.000278,0.010675,0.01392,0.0002,0.001325,15.0,APPROCHE,0.1
0.09105,0.001358,0.00652,0.007799,0.0012,0.01773,15.0,STATIONNAIRE,0.1
0.09587,0.008226,0.01145,0.014189,0.0031,0.0316,15.0,ÉLOIGNEMENT,1.0
0.183875,0.002149,0.00898,0.010693,0.0005,0.003025,15.0,STATIONNAIRE,0.1
0.032285,0.003039,0.00889,0.011072,0.0019,0.01225,1.9766,COLLISION RISK,0.1
0.08045469506567342,0.025591176005917253,0.008635734051783707,0.010095128626547599,0.015620059445384447,0.04415202778318083,15.0,ÉLOIGNEMENT,2.5
0.13543306130542146,0.03301161789452403,0.0508087581887989,0.14417460506687108,0.013029375030756862,0.072639485267974,0.0,COLLISION RISK,5.0
0.19371549576025776,0.021695434705977134,0.010000531217400355,0.013757455970951123,0.013581520075721248,0.08592128833697561,14.164844386159757,ÉLOIGNEMENT,2.5
0.050662167902786076,0.022480144786501427,0.00894239398086433,0.012782376893918621,0.009571360662776082,0.08611194868198374,1.2803575147450506,COLLISION RISK,2.5
0.16874,0.006932,0.01012,0.011294,0.0056,0.02933,15.0,ÉLOIGNEMENT,1.0
0.063565,0.002438,0.01059,0.0135,0.0026,0.01296,5.5063,APPROCHE,0.1
0.152015,0.028467,0.014995,0.018362,0.0132,0.062355,15.0,ÉLOIGNEMENT,2.5
0.09266360292773723,0.039522993702330624,0.00913862116708839,0.009367116481451757,0.012234341684435206,0.09720350745604135,0.0,COLLISION RISK,2.5
0.13147091435762476,0.05055941573956567,0.010857591157482067,0.016724654280909086,0.02155865089896863,0.12743267411183812,15.0,ÉLOIGNEMENT,5.0
0.184735,0.001981,0.010495,0.011911,0.0007,0.00208,15.0,STATIONNAIRE,0.1
0.19284,0.002601,0.011465,0.014108,0.0006,0.00695,15.0,STATIONNAIRE,0.1
0.203425,0.008578,0.00639,0.007251,0.0199,0.02899,15.0,STATIONNAIRE,1.0
0.1474996856851588,0.05188656648686497,0.010347028953748743,0.015738868499892488,0.010318737473612475,0.13055019272769552,14.824696353048575,ÉLOIGNEMENT,5.0
0.11067690816851534,0.04392243198069506,0.01041024601932788,0.011576231308209096,0.010927627012685612,0.0865889404655417,0.21863902099751792,COLLISION RISK,5.0
0.15806331560625897,0.024450178772794578,0.007959421979649467,0.008736838424383752,0.00036550014477023003,0.06570912214585377,14.418629401090238,ÉLOIGNEMENT,2.5
0.184965,0.005108,0.01605,0.022364,0.0035,0.01252,7.2229,APPROCHE,1.0
0.18594,0.000685,0.01093,0.013913,0.0003,0.00561,15.0,STATIONNAIRE,0.1
0.131085,0.03405,0.00752,0.008243,0.0078,0.07602,15.0,ÉLOIGNEMENT,2.5
0.071805,0.005907,0.012585,0.014421,0.0019,0.0224,2.8176,APPROCHE,1.0
0.194235,0.004182,0.01212,0.012967,0.0024,0.03194,15.0,STATIONNAIRE,1.0
0.027425,0.005051,0.00852,0.010648,0.0046,0.04892,0.8093,COLLISION RISK,1.0
0.15957738756521478,0.03906252223482085,0.007405126864844411,0.010615422899832045,0.02128649192289763,0.09178222263208644,0.5059363995173085,COLLISION RISK,5.0
0.097155,0.007306,0.01121,0.014098,0.0031,0.02973,15.0,ÉLOIGNEMENT,1.0
0.19869,0.011482,0.008745,0.010896,0.0023,0.009415,9.1638,APPROCHE,1.0
0.09463247650264493,0.024097452269731548,0.009817140842070577,0.01009107082784327,0.009656636127556645,0.058942508573673315,15.0,ÉLOIGNEMENT,2.5
0.144175,0.029619,0.0066,0.007343,0.0097,0.06168,15.0,ÉLOIGNEMENT,2.5
0.05158,0.012353,0.0093,0.011222,0.0104,0.026635,15.0,ÉLOIGNEMENT,1.0
0.18046,0.000415,0.009895,0.012561,0.0002,0.001435,15.0,STATIONNAIRE,0.1
0.093005,0.011323,0.01142,0.012837,0.0037,0.027635,2.7749,APPROCHE,1.0
0.14258393381434073,0.03126262170603231,0.0499416537883219,0.14451864220533545,0.011301032999681054,0.06572153719385156,0.8401793475356741,COLLISION RISK,5.0
0.15758031900160985,0.028769290941083284,0.00918428170133082,0.013492191337403836,0.0011995596737629267,0.052375617825721706,1.3148450998190562,COLLISION RISK,2.5
0.08801,0.011552,0.012575,0.015834,0.0036,0.033975,15.0,ÉLOIGNEMENT,1.0
0.07809771054989695,0.038199136147775314,0.009014293795420457,0.012766579936688224,0.018502964913984832,0.10073879398141623,0.1566716432811906,COLLISION RISK,5.0
0.01488,0.003042,0.008065,0.009199,0.003,0.00558,15.0,COLLISION RISK,0.1
0.00923,0.014091,0.007795,0.010338,0.0063,0.072895,-0.1106,COLLISION RISK,2.5
0.12271951424449686,0.039161186853889446,0.05235736223726801,0.1446412423178263,0.014784629587678271,0.09146334007523249,0.3475860366149072,COLLISION RISK,5.0
0.10834315591832895,0.0515697895564586,0.010564829004501522,0.01450329401376116,0.011591730462414799,0.09020718524762998,3.3409365589211895,APPROCHE,5.0
0.03249,0.007537,0.01155,0.013781,0.0153,0.01453,15.0,COLLISION RISK,1.0
0.023905,0.001387,0.00889,0.011507,0.0011,0.03392,1.6661,COLLISION RISK,1.0
0.17881,0.000356,0.010235,0.012118,0.0002,0.00306,15.0,STATIONNAIRE,0.1
0.061295,0.002694,0.0054,0.007118,0.0021,0.00853,1.6531,APPROCHE,0.1
0.18078,0.000293,0.00919,0.010587,0.0001,0.001265,15.0,STATIONNAIRE,0.1
0.12814870885852772,0.02537498699764617,0.005205103724902549,0.007920799728521161,0.020823792263871273,0.05189019164575065,15.0,ÉLOIGNEMENT,2.5
0.070425,0.014234,0.016955,0.023097,0.0074,0.03697,15.0,ÉLOIGNEMENT,1.0
0.1333824695581686,0.04874378625954666,0.009816894507570244,0.010820971958110031,0.03570035280555262,0.10607793832558886,0.608681275086481,APPROCHE,5.0
0.06997932379249241,0.04601051834094334,0.024160565300309224,0.05745667658825737,0.007293502076442949,0.12372378319822798,0.5954059044687562,COLLISION RISK,5.0
-0.000635,0.003073,0.01235,0.015991,0.0011,0.02783,15.0,COLLISION RISK,1.0
0.03861,0.035949,0.00743,0.008515,0.0161,0.058885,15.0,ÉLOIGNEMENT,2.5
0.18078,0.000319,0.010615,0.013914,0.0002,0.001355,15.0,APPROCHE,0.1
0.027105,0.016968,0.00947,0.01148,0.0073,0.07413,15.0,COLLISION RISK,2.5
0.157765,0.040832,0.011685,0.016802,0.0135,0.118745,15.0,ÉLOIGNEMENT,5.0
0.179415,0.000454,0.01154,0.013447,0.0002,0.002395,15.0,APPROCHE,0.1
0.016455,0.003741,0.009085,0.010263,0.003,0.005655,15.0,COLLISION RISK,0.1
0.10283111248511355,0.05925854705699622,0.011099905690456978,0.01638861505057612,0.021533807185519893,0.11025155213218726,14.709076774891878,ÉLOIGNEMENT,5.0
0.142882131902911,0.029957722104213963,0.009403297152921111,0.005606591064443876,0.01787891861264023,0.061787184551613805,14.9632962704002,ÉLOIGNEMENT,2.5
0.16432,0.021361,0.0084,0.009737,0.0107,0.04123,0.8095,COLLISION RISK,1.0
0.06642585279010602,0.019682791697485158,0.012045579959999275,0.012242037354128842,0.015958395835126756,0.046790806151524596,14.76811963541055,ÉLOIGNEMENT,2.5
0.18459,0.012677,0.009625,0.011122,0.005,0.051185,15.0,ÉLOIGNEMENT,1.0
0.12009109359016307,0.05690729160550625,0.009711150524658855,0.011915381918227093,0.017312125621940042,0.11837486799029928,15.0,ÉLOIGNEMENT,5.0
0.201735,0.010531,0.0064,0.008597,0.0199,0.043365,15.0,STATIONNAIRE,1.0
0.06939815488677908,0.04886623894141746,0.010995164057535534,0.016616674104251317,0.007860537395567926,0.07877376841006314,14.420563434146583,ÉLOIGNEMENT,5.0
0.11784776831315326,0.05067037232530708,0.026855256952307036,0.05686033254175474,0.02067722084461098,0.10114636160287074,0.4477594346623618,COLLISION RISK,5.0
0.06566,0.019868,0.00967,0.011219,0.0104,0.034025,15.0,ÉLOIGNEMENT,1.0
0.012315,0.000751,0.00667,0.008262,0.0004,0.008165,15.0,COLLISION RISK,0.1
0.181055,0.000169,0.01094,0.012812,0.0001,0.000275,15.0,STATIONNAIRE,0.1
0.11210213428356948,0.05788813474620539,0.009972013570840675,0.008470176827403371,0.011096093874803196,0.11147182662439888,15.0,ÉLOIGNEMENT,5.0
0.103065,0.001562,0.008965,0.010345,0.0022,0.019505,15.0,ÉLOIGNEMENT,0.1
0.16728,0.016515,0.01294,0.025376,0.0037,0.033865,3.2251,APPROCHE,1.0
0.168895,0.006989,0.01,0.01114,0.0056,0.027565,15.0,ÉLOIGNEMENT,1.0
0.061525,0.002986,0.00908,0.012119,0.0009,0.01177,15.0,ÉLOIGNEMENT,0.1
0.089865,0.026236,0.01018,0.011819,0.0104,0.05648,15.0,ÉLOIGNEMENT,2.5
0.10442993675817337,0.0597763528054937,0.01045155107643753,0.012466820613973936,0.026836003431035226,0.10987430926756521,15.0,ÉLOIGNEMENT,5.0
0.023955170871133566,0.031650610266414525,0.006935890182150716,0.00932778755643801,0.018750303939128937,0.0962880155030965,0.209563712370809,COLLISION RISK,2.5
0.14034769120145646,0.049968849287964634,0.009722072185532555,0.012063814614935579,0.03416328058064689,0.10780239591740795,1.4288376737044057,APPROCHE,5.0
0.2024,0.005597,0.01082,0.013376,0.0011,0.00999,15.0,STATIONNAIRE,0.1
0.17557208446405628,0.019978185617155877,0.015869808037693223,0.015905196220723727,0.01750811764776669,0.05954340793203087,15.0,ÉLOIGNEMENT,2.5
0.18958165416993544,0.016403241277907096,0.007693291144699795,0.012130074313430543,0.027772551698497863,0.06846888379049097,14.660990602764077,ÉLOIGNEMENT,2.5
0.15333211350686446,0.026885764024561398,0.007205708680118051,0.008654552842220008,0.008952317311939184,0.06202535573443597,14.496032013450737,ÉLOIGNEMENT,2.5
0.057725,0.007443,0.01305,0.021954,0.0034,0.018115,1.3463,COLLISION RISK,1.0
0.13363013193181,0.05184240285776565,0.026288556782902345,0.06017637320656553,0.017276441078822667,0.08542290693032623,0.0,COLLISION RISK,5.0
0.14471253339197174,0.03870303544398962,0.011172933664943,0.0072189779160917265,0.003992329061798297,0.06002768769850467,0.3226103974698626,COLLISION RISK,2.5
0.19505,0.001419,0.009795,0.011591,0.0006,0.01528,15.0,STATIONNAIRE,0.1
0.03513720175102604,0.023701331866116563,0.009393649282270152,0.015846295392232458,0.0,0.0811602595757786,0.02751489114365724,COLLISION RISK,2.5
0.14785739243914697,0.043451237247980445,0.008903551503983028,0.012775900994098416,0.02041493638633564,0.12811089623043437,14.757319882093881,ÉLOIGNEMENT,5.0
0.0889937831792998,0.03523653668634859,0.008006625816172565,0.010807759592552597,0.0024988498203150408,0.09951017847264536,0.0,COLLISION RISK,5.0
0.19416,0.002988,0.010385,0.012574,0.0019,0.027655,15.0,STATIONNAIRE,1.0
0.18327,0.004427,0.01544,0.021961,0.0035,0.01026,15.0,STATIONNAIRE,1.0
0.012765,0.002454,0.00811,0.009547,0.0027,0.034115,15.0,COLLISION RISK,1.0
0.11501413961297506,0.04615632748034569,0.012241843834038209,0.013745875796850784,0.019217539954566643,0.09498376634620329,3.2508456709483617,APPROCHE,5.0
0.05058,0.01068,0.01405,0.023602,0.0034,0.0239,2.934,COLLISION RISK,1.0
0.01268,0.002285,0.00818,0.009619,0.0027,0.031125,15.0,COLLISION RISK,1.0
0.09388557029311208,0.029684259184791145,0.009334854750170573,0.01198226844531368,0.012224757024018856,0.05518461263407939,15.0,ÉLOIGNEMENT,2.5
0.15900753481906826,0.025334508561767707,0.006053650646117693,0.01054963752834264,0.008038450175462564,0.07789614333429158,14.706926323496953,ÉLOIGNEMENT,2.5
0.18151,0.016933,0.00695,0.00895,0.0329,0.053895,1.1246,APPROCHE,2.5
0.09127,0.016309,0.009105,0.011283,0.0133,0.043415,15.0,ÉLOIGNEMENT,1.0
0.203165,0.008914,0.007475,0.009693,0.0199,0.026905,15.0,STATIONNAIRE,1.0
0.14662104559045452,0.04198029823005302,0.011786370457957353,0.013829010656866973,0.04184227682115789,0.10053538147174146,1.24396069578133,COLLISION RISK,5.0
0.11616060593718477,0.045927888404979654,0.02465302479556547,0.062135549052048863,0.006606073117775356,0.09385076847587856,0.0,COLLISION RISK,5.0
0.06539980122136553,0.02190341805620271,0.01028752025269841,0.010812641991874252,0.018317402429484816,0.044549929492324614,14.976806421027106,STATIONNAIRE,2.5
0.14206,0.015549,0.00748,0.009648,0.0036,0.0406,3.7478,APPROCHE,1.0
0.11214,0.002191,0.00873,0.010608,0.0045,0.018885,5.8576,APPROCHE,0.1
0.074745,0.006669,0.013195,0.015052,0.0018,0.024265,2.4373,APPROCHE,1.0
0.021391691517927032,0.017670697628655103,0.009952490611009454,0.012893544367540468,0.0053068227377287055,0.06799525579459959,0.0,COLLISION RISK,2.5
0.16594,0.023717,0.007805,0.009253,0.0079,0.068925,15.0,ÉLOIGNEMENT,2.5
0.182255,0.000376,0.0099,0.012509,0.0001,0.001195,15.0,STATIONNAIRE,0.1
0.046865,0.005518,0.00745,0.008738,0.0044,0.022315,15.0,ÉLOIGNEMENT,1.0
0.11136912578720957,0.053838343187454535,0.024947772661245496,0.05830426401580946,0.01372483244378587,0.0993953674652233,1.329462814190134,COLLISION RISK,5.0
0.055675,0.011394,0.00731,0.009212,0.0046,0.026755,1.4206,COLLISION RISK,1.0
0.012715,0.001141,0.008035,0.010323,0.0004,0.0059,15.0,COLLISION RISK,0.1
0.19056,0.002883,0.012,0.014762,0.0006,0.003675,15.0,STATIONNAIRE,0.1
0.188115,0.009543,0.008695,0.010784,0.0038,0.011535,13.8054,APPROCHE,1.0
0.17553,0.007461,0.052405,0.145879,0.0085,0.0175,1.5674,APPROCHE,2.5
0.132225,0.027415,0.00614,0.007092,0.0097,0.054675,15.0,ÉLOIGNEMENT,2.5
0.12585,0.028613,0.01372,0.017349,0.0132,0.04666,15.0,ÉLOIGNEMENT,2.5
0.18018,0.00026,0.01015,0.011877,0.0001,0.001025,15.0,APPROCHE,0.1
0.16485369066432778,0.036268714618956845,0.012534390920017045,0.01371387400208563,0.021623476932015565,0.12222577700781023,14.918807745041738,ÉLOIGNEMENT,5.0
0.02844910819774178,0.022516113087884208,0.00794285937384455,0.009695004238044534,0.01584394337746169,0.09910052531568876,0.0,COLLISION RISK,2.5
0.169005,0.020361,0.01499,0.018028,0.0066,0.05957,15.0,ÉLOIGNEMENT,2.5
0.173435,0.009203,0.00861,0.009187,0.0027,0.024805,15.0,ÉLOIGNEMENT,1.0
0.08436326784813096,0.05068775086123104,0.01365705378696544,0.016424025308066668,0.0012736502103833508,0.1032928925580306,14.968373063254177,ÉLOIGNEMENT,5.0
0.18123,0.000267,0.011535,0.013191,0.0001,0.000225,15.0,STATIONNAIRE,0.1
0.14911125367941042,0.030129322843813387,0.009052496651622914,0.010093355244277912,0.016216633160617933,0.06122626537623407,15.0,ÉLOIGNEMENT,2.5
0.11039403176859272,0.05651946050697699,0.012323459796223743,0.01506639366999412,0.012920283374928513,0.11472653793902673,15.0,ÉLOIGNEMENT,5.0
0.181655,0.000427,0.011995,0.014391,0.0001,0.000365,15.0,STATIONNAIRE,0.1
0.107515,0.058032,0.011255,0.016149,0.0175,0.11306,15.0,ÉLOIGNEMENT,5.0
0.14213133196719452,0.04824955072700971,0.010986690610383269,0.015500400851313713,0.010423903608704734,0.1279379298636534,15.0,ÉLOIGNEMENT,5.0
0.04192,0.007223,0.013015,0.02378,0.0028,0.023375,15.0,COLLISION RISK,1.0
0.09905348465909432,0.03343554632559566,0.009243387390058803,0.014730715845812346,0.006958489049959434,0.06167687298312487,15.0,ÉLOIGNEMENT,2.5
0.017833066639952887,0.020337490563023763,0.008161455359942489,0.007107281885219121,0.0017072005505452152,0.08261891797637771,0.32320366985732574,COLLISION RISK,2.5
0.152105,0.035534,0.024575,0.059327,0.014,0.061285,0.5409,COLLISION RISK,2.5
0.1297629515131185,0.028906570573711262,0.04993188638612523,0.14567604940411746,0.011522841936700392,0.07738240070300524,0.7587761369388479,COLLISION RISK,5.0
0.181465,0.000904,0.010985,0.013466,0.0003,0.001855,15.0,STATIONNAIRE,0.1
0.11466,0.039491,0.050765,0.145656,0.0087,0.091985,0.479,COLLISION RISK,5.0
0.17916,0.000689,0.013,0.01507,0.0002,0.00082,15.0,APPROCHE,0.1
0.18236,0.001243,0.0105,0.011933,0.0003,0.00168,15.0,STATIONNAIRE,0.1
0.12735511098903912,0.02299465554553143,0.009367256375217084,0.01225886723101517,0.010406694200925928,0.04717027419857922,14.668393232136655,ÉLOIGNEMENT,2.5
0.11389,0.051848,0.02586,0.059083,0.014,0.096355,0.3015,COLLISION RISK,5.0
0.16866,0.006999,0.01053,0.011955,0.0056,0.03121,15.0,ÉLOIGNEMENT,1.0
0.183185,0.001351,0.011745,0.01339,0.0003,0.001735,15.0,STATIONNAIRE,0.1
0.133015,0.036458,0.05144,0.145897,0.0087,0.076415,0.5723,COLLISION RISK,5.0
0.1594,0.013436,0.00821,0.01044,0.0055,0.03217,2.1165,APPROCHE,1.0
0.16951,0.018439,0.02396,0.058613,0.014,0.0357,0.8239,COLLISION RISK,2.5
0.026644674432947543,0.02242864212249677,0.007686257647875662,0.008700203568576873,0.013349724085705204,0.09413097097080708,0.008212703263874875,COLLISION RISK,2.5
0.16243953650717996,0.02232574860773945,0.015434596682048517,0.01938024888025622,0.012341293141409823,0.060100164374713126,14.692654021074372,ÉLOIGNEMENT,2.5
0.1085,0.010366,0.00721,0.008081,0.0097,0.03207,15.0,ÉLOIGNEMENT,1.0
0.17270432724886284,0.027093832633351914,0.0068142246081880084,0.009702631280675026,0.028120982248054475,0.07383712624749361,1.0007026939306771,COLLISION RISK,2.5
0.03145,0.006462,0.01155,0.013781,0.0153,0.01452,15.0,COLLISION RISK,1.0
0.181265,0.000748,0.010715,0.011459,0.0002,0.002975,15.0,STATIONNAIRE,0.1
0.051985,0.00993,0.00744,0.009158,0.0046,0.027465,15.0,COLLISION RISK,1.0
0.01312,0.001385,0.007255,0.009218,0.0004,0.004805,15.0,COLLISION RISK,0.1
0.18397,0.007738,0.008095,0.010482,0.0038,0.01183,15.0,APPROCHE,0.1
0.169145,0.007177,0.01006,0.011191,0.0056,0.027195,15.0,ÉLOIGNEMENT,1.0
0.18408,0.002599,0.011945,0.015061,0.0007,0.004485,15.0,STATIONNAIRE,0.1
0.07353,0.024363,0.009585,0.011706,0.0133,0.049185,15.0,ÉLOIGNEMENT,2.5
0.15274,0.028939,0.00732,0.008007,0.0097,0.06579,15.0,ÉLOIGNEMENT,2.5
0.14077774831867756,0.03775378054868118,0.05020581751396991,0.14951608412806489,0.009665873683073997,0.07008596867678048,1.2443193965582224,COLLISION RISK,5.0
0.19005,0.008459,0.010155,0.011496,0.0038,0.042735,15.0,ÉLOIGNEMENT,1.0
0.13633,0.034056,0.00752,0.008243,0.0078,0.07744,15.0,ÉLOIGNEMENT,2.5
0.09653,0.011433,0.01089,0.012427,0.0037,0.026165,2.6199,APPROCHE,1.0
0.200645,0.011584,0.00622,0.008503,0.0199,0.04707,15.0,STATIONNAIRE,1.0
0.06485860778300669,0.04247738487613677,0.01147542775708572,0.013378368609229384,0.017042749600137852,0.09984628740351563,0.0,COLLISION RISK,2.5
0.09206792758656997,0.028408122796651912,0.00778384164833865,0.014484428035121674,0.012386699061266365,0.0800262321334189,14.781397042196499,STATIONNAIRE,2.5
0.1797,8.4e-05,0.009945,0.011799,0.0001,0.000845,15.0,STATIONNAIRE,0.1
0.16975144945771367,0.02210542862099654,0.00698430907841984,0.009067238778716291,0.01064092504464999,0.07092894679170919,15.0,ÉLOIGNEMENT,2.5
0.172145,0.009313,0.00867,0.009263,0.0036,0.026265,15.0,ÉLOIGNEMENT,1.0
0.09431,0.02349,0.0084,0.009529,0.006,0.03018,15.0,ÉLOIGNEMENT,1.0
0.18212,0.000349,0.009435,0.011696,0.0002,0.00328,15.0,STATIONNAIRE,0.1
0.1813090620433442,0.015342308775919274,0.008079422924859254,0.00838303987191788,0.03092435775766509,0.0513533584223509,2.4621184831496903,APPROCHE,2.5
0.05118,0.044395,0.00871,0.010257,0.0161,0.07266,15.0,ÉLOIGNEMENT,2.5
0.146315,0.020506,0.011035,0.012732,0.0059,0.046055,15.0,ÉLOIGNEMENT,1.0
0.203095,0.008997,0.00664,0.008632,0.0199,0.03676,15.0,STATIONNAIRE,1.0
0.04759,0.013349,0.01606,0.022062,0.0074,0.0265,15.0,ÉLOIGNEMENT,1.0
0.13212971706856255,0.05065326040382498,0.010419560024947584,0.015156011060868535,0.011112375356286133,0.12526595893436518,14.456715332589521,ÉLOIGNEMENT,5.0
0.064555,0.001661,0.011395,0.014,0.0026,0.014875,5.0943,APPROCHE,0.1
0.029495,0.003583,0.01308,0.014594,0.0023,0.007735,15.0,COLLISION RISK,0.1
0.11788259499711407,0.0479213162463382,0.011018829452912625,0.013554230118163996,0.01635032648424614,0.08968299624868784,3.3371833667282145,APPROCHE,5.0
0.17032,0.024484,0.00758,0.009527,0.0078,0.0753,15.0,ÉLOIGNEMENT,2.5
0.1472863912630896,0.02965542916604691,0.01547027707987105,0.01793362104383951,0.017852835434933486,0.05620279304514003,14.845975895256197,ÉLOIGNEMENT,2.5
0.13303845385060215,0.04210138868180632,0.05358195552761528,0.1457226048569629,0.008262916997686968,0.07097516386596088,0.7021530976100618,COLLISION RISK,5.0
0.18062,0.000474,0.009845,0.012461,0.0002,0.00153,15.0,STATIONNAIRE,0.1
0.16285348671033248,0.025215911303377872,0.006520286794117278,0.010547650339255947,0.0,0.06060431141125966,15.0,ÉLOIGNEMENT,2.5
0.046544919032299674,0.044360669657590814,0.008485330052381423,0.010369898918893783,0.017155739943327464,0.07309588871922312,14.846726992805571,ÉLOIGNEMENT,2.5
0.13520560400143858,0.03293958686556579,0.05021470948771215,0.1437882573966953,0.009827589913626894,0.07417627069096681,0.4330824940103462,COLLISION RISK,5.0
0.09981250003515173,0.03735509888750308,0.049826075203435904,0.1445202059969529,0.0,0.09995937871018312,0.45655385360248724,COLLISION RISK,5.0
0.04763,0.006877,0.00852,0.010227,0.0044,0.0231,15.0,ÉLOIGNEMENT,1.0
0.1811,0.001045,0.008625,0.011086,0.0002,0.00262,15.0,STATIONNAIRE,0.1
0.17921,0.000467,0.01197,0.014465,0.0002,0.002535,15.0,APPROCHE,0.1
0.000885,0.004384,0.01151,0.015354,0.0012,0.01949,15.0,COLLISION RISK,1.0
0.1487372384931474,0.040974358430118596,0.010718284777405144,0.00969571820664286,0.011719680551779741,0.12779244499642292,14.679984574240942,ÉLOIGNEMENT,5.0
0.06907780362287473,0.04959292289776201,0.012239473071902275,0.017220508924365045,0.019543535298402984,0.08530503023664995,15.0,ÉLOIGNEMENT,5.0
0.10603234386463115,0.03479871123363017,0.04906757642311595,0.1465492212245244,0.01455030657182081,0.09422538486168773,0.0,COLLISION RISK,5.0
0.18633,0.01039,0.00703,0.008729,0.0329,0.027435,1.9489,APPROCHE,1.0
0.14682546245794714,0.021070072241506754,0.011378138491424994,0.01603167578879927,0.006723883355968772,0.04663073987926479,14.920024060563852,ÉLOIGNEMENT,2.5
0.098215,0.011341,0.01107,0.012514,0.0037,0.024645,2.5961,APPROCHE,1.0
0.181665,0.001115,0.009455,0.011614,0.0003,0.002295,15.0,STATIONNAIRE,0.1
0.14847,0.030055,0.05067,0.145887,0.0087,0.059685,0.6949,COLLISION RISK,5.0
0.2013430702503583,0.01727030115638047,0.010707939657232149,0.012917531155731975,0.017386553889582924,0.08036993286306852,15.0,ÉLOIGNEMENT,2.5
0.028355,0.002339,0.015395,0.021581,0.0015,0.011045,15.0,COLLISION RISK,0.1
0.1947605833795087,0.02106833647087461,0.009533761193722696,0.009999248261395949,0.014754945763263347,0.07289767224032104,15.0,ÉLOIGNEMENT,2.5
0.11053393427139932,0.03826201810229447,0.048982455672093944,0.1470654397438422,0.003369220785847145,0.10219731003094552,0.7067395366540827,COLLISION RISK,5.0
0.018335,0.009617,0.00906,0.010822,0.0046,0.057405,0.5165,COLLISION RISK,1.0
0.107835,0.019748,0.01066,0.015642,0.0132,0.03132,15.0,ÉLOIGNEMENT,1.0
0.10851398190768406,0.05124925120426995,0.02694631375013504,0.06027588686939546,0.024355446622114245,0.10180379243422066,0.1373704055399854,COLLISION RISK,5.0
0.13259233760308442,0.04589680848443978,0.009209119234539945,0.011430116797971247,0.019189782148979977,0.07505241797424804,0.7936126299838812,COLLISION RISK,2.5
0.1493159933441798,0.04513817530751081,0.010366221538717997,0.013695656861998291,0.025927005723414248,0.1271577745066987,14.641553988625367,ÉLOIGNEMENT,5.0
0.04798,0.039312,0.01151,0.016234,0.0175,0.067735,15.0,ÉLOIGNEMENT,2.5
0.0759439245020794,0.0518818987102893,0.010257790512711222,0.019987029488853173,0.023475231859953566,0.09192247130436121,14.899924866717134,ÉLOIGNEMENT,5.0
0.204175,0.005282,0.009265,0.011231,0.0011,0.013185,15.0,STATIONNAIRE,0.1
0.18306,0.012421,0.013205,0.014578,0.0046,0.047705,15.0,ÉLOIGNEMENT,1.0
0.183255,0.002308,0.012165,0.015268,0.0006,0.004415,15.0,STATIONNAIRE,0.1
0.18779,0.003092,0.010165,0.011975,0.0007,0.00222,15.0,STATIONNAIRE,0.1
0.03146,0.009702,0.00856,0.010488,0.0054,0.06015,0.7896,COLLISION RISK,1.0
0.10068225972273363,0.060496363287760216,0.011148705163016397,0.01768574842329823,0.02747799362196462,0.11175567521079918,14.537260267944543,ÉLOIGNEMENT,5.0
0.18022,0.000946,0.01212,0.013513,0.0004,0.003565,15.0,STATIONNAIRE,0.1
0.17944,0.000689,0.01051,0.012713,0.0002,0.00331,15.0,STATIONNAIRE,0.1
0.065815,0.013587,0.0076,0.009314,0.0048,0.030035,1.6389,COLLISION RISK,1.0
0.07472060179403339,0.02390929210352331,0.009755460110301081,0.010170272220766418,0.004308043590958271,0.04862226400718925,15.0,ÉLOIGNEMENT,2.5
0.152755,0.017858,0.011455,0.013175,0.005,0.04458,15.0,ÉLOIGNEMENT,1.0
0.16205442487691857,0.04731463772490587,0.00894019884933137,0.011531347031316372,0.025146423829366285,0.09011177690137594,1.81901723641199,COLLISION RISK,5.0
0.13908513403625108,0.04972468652037323,0.009714003010359958,0.014302888105633522,0.01602930278662664,0.1307204706245522,14.62087409794862,ÉLOIGNEMENT,5.0
0.110925,0.015971,0.00848,0.010086,0.0052,0.04881,3.377,APPROCHE,1.0
0.10922661636289181,0.03958924255980256,0.00895547595071108,0.012461344842028415,0.006327114523513164,0.09765284968429225,3.803067046258909,APPROCHE,5.0
0.023265,0.0217,0.00877,0.011098,0.0161,0.037355,15.0,ÉLOIGNEMENT,1.0
0.10486707128881356,0.05924488426488509,0.010790480357030719,0.015173964098389652,0.02033201362551565,0.11450806366162763,14.817079337965284,ÉLOIGNEMENT,5.0
0.07451,0.047137,0.023925,0.058146,0.014,0.120415,0.115,COLLISION RISK,5.0
0.16826003713764776,0.03217961350123553,0.011954512935937793,0.01095076645171942,0.0020483831211717506,0.10499093303300266,15.0,ÉLOIGNEMENT,2.5
0.11578440489497684,0.044530353995011616,0.010268675849793227,0.00816415683803699,0.008665728180741565,0.09268015570257256,0.6419123518869482,COLLISION RISK,5.0
0.13428455531949599,0.05795348369893463,0.011881981945167588,0.00920159179063985,0.023949344466953244,0.1320483087641792,14.779635526978058,ÉLOIGNEMENT,5.0
0.09240016111726791,0.06268616793407158,0.013599854757191061,0.016526964742167107,0.011397779983651313,0.10630135907159836,14.799211317054123,ÉLOIGNEMENT,5.0
0.18351,0.014209,0.00732,0.009116,0.0329,0.04915,1.4559,APPROCHE,2.5
0.182185,0.000329,0.010275,0.012456,0.0002,0.003225,15.0,STATIONNAIRE,0.1
0.031905,0.025347,0.009125,0.010476,0.0175,0.046255,15.0,ÉLOIGNEMENT,2.5
0.15495229310576192,0.029264628028085316,0.005781001654654174,0.006945220984885226,0.0030621509126299486,0.06311263248192929,15.0,ÉLOIGNEMENT,2.5
0.12854,0.025998,0.00603,0.007055,0.0097,0.052125,15.0,ÉLOIGNEMENT,2.5
0.0767843380663564,0.0540778192035093,0.008239234473657178,0.008388213340077012,0.01745184753224565,0.0931868389916586,14.601673842083908,ÉLOIGNEMENT,5.0
0.17238,0.018622,0.01512,0.018037,0.0062,0.05669,15.0,ÉLOIGNEMENT,2.5
0.09974,0.028996,0.00975,0.011604,0.0104,0.06371,15.0,ÉLOIGNEMENT,2.5
0.06044,0.001841,0.007815,0.009905,0.002,0.01014,15.0,STATIONNAIRE,0.1
0.09354370646992925,0.05186018648895142,0.025216561204799634,0.05833070750912719,0.022555368497747533,0.11171528616454472,0.04308845166444508,COLLISION RISK,5.0
0.04319,0.008061,0.01402,0.02407,0.0028,0.02418,1.7147,COLLISION RISK,1.0
0.08447335796728933,0.04105646018701178,0.009182036811663373,0.011201164289146552,0.00579713321075342,0.10146270616009608,0.1283320701906452,COLLISION RISK,2.5
0.108095,0.039445,0.04999,0.145702,0.0087,0.09589,0.4747,COLLISION RISK,5.0
0.1411945543678421,0.030508374583094522,0.0504281533367466,0.1438500664331992,0.0007411672301335017,0.06809376366093942,0.0,COLLISION RISK,5.0
0.17958,0.000535,0.00987,0.011277,0.0013,0.003245,8.0973,APPROCHE,0.1
0.05749,0.016394,0.0089,0.010759,0.0104,0.028955,15.0,ÉLOIGNEMENT,1.0
0.12158270331065112,0.055578255787312396,0.01386003319119902,0.014513014180153199,0.021284925280825318,0.12192016004666872,14.736149479576035,ÉLOIGNEMENT,5.0
0.05776740007639943,0.03162303032948371,0.009824623685047716,0.009946840650436712,0.015725376220150234,0.09458521818711878,0.12338350394138037,COLLISION RISK,2.5
0.181285,0.000159,0.009365,0.012764,0.0001,0.001335,15.0,STATIONNAIRE,0.1
0.181305,0.000124,0.010065,0.013078,0.0001,0.00102,15.0,STATIONNAIRE,0.1
0.085935,0.009871,0.00763,0.009337,0.0088,0.02825,1.6995,APPROCHE,1.0
0.13536951357776292,0.04163358684651478,0.026660908474466075,0.056663753856982337,0.017743699651072812,0.07944990976723798,0.6344488414933134,COLLISION RISK,5.0
0.18431,0.001306,0.01383,0.015966,0.0003,0.00201,15.0,STATIONNAIRE,0.1
0.1387296129887005,0.0480579664678743,0.02605310791285491,0.05918379695138436,0.018823515985284322,0.06609451923638565,0.337926122528739,COLLISION RISK,5.0
0.12669970766316205,0.029105328365709872,0.013407532211320435,0.01844565287388875,0.023995629450113996,0.047022713594937274,15.0,ÉLOIGNEMENT,2.5
0.131183789808211,0.05047765310808316,0.011504729476465877,0.019180696456005158,0.019386693504111773,0.12286350510535973,14.747524092222648,ÉLOIGNEMENT,5.0
0.01783,0.004492,0.008215,0.009835,0.0016,0.01115,15.0,COLLISION RISK,0.1
0.12297669837841134,0.023973388000569192,0.005207070721109504,0.00890720151147831,0.005405140786788296,0.050860225030898945,15.0,ÉLOIGNEMENT,2.5
0.07633301005080463,0.05296407525117746,0.008518384260370139,0.012692518939087042,0.007146387280040816,0.09626029165859845,14.256912055456915,ÉLOIGNEMENT,5.0
0.14912814354235768,0.041205923744022224,0.009909066757926514,0.011597547374388678,0.0,0.06217512134938892,0.34788482001756876,COLLISION RISK,2.5
0.078635,0.012836,0.0084,0.009694,0.0072,0.040735,15.0,ÉLOIGNEMENT,1.0
0.18012,0.000364,0.009815,0.012524,0.0001,0.001485,15.0,STATIONNAIRE,0.1
0.09615531524303994,0.059346402105924304,0.023000224054812852,0.06067866038092231,0.01988788476799269,0.1038793571663822,0.0,COLLISION RISK,5.0
0.024425,0.014892,0.00924,0.011258,0.0059,0.068985,0.3623,COLLISION RISK,2.5
0.09111716562169342,0.053625524613344445,0.012190167533267267,0.01764159862681876,0.009213732381077352,0.10338980233299955,14.92618985693766,ÉLOIGNEMENT,5.0
0.15117,0.031929,0.00917,0.010468,0.0107,0.059585,1.0096,APPROCHE,2.5
0.14801532745784182,0.04804437467070814,0.01091853212166393,0.014274736316959441,0.015509207303115807,0.12073845074858179,15.0,ÉLOIGNEMENT,5.0
0.048725,0.008925,0.00846,0.010122,0.0104,0.027035,15.0,ÉLOIGNEMENT,1.0
0.017135,0.004123,0.009025,0.010222,0.003,0.006775,15.0,COLLISION RISK,0.1
0.10079839068306234,0.04401773315646184,0.008589814920433966,0.010576256997949895,0.005709066750617331,0.0912270988817574,0.844327552967451,COLLISION RISK,5.0
0.18507,0.001942,0.008645,0.010535,0.001,0.01283,15.0,STATIONNAIRE,0.1
0.09729768032064669,0.04517659141583641,0.024133643025568717,0.05852629622037887,0.009704498895448804,0.10438018889226122,0.35231718997106487,COLLISION RISK,5.0
0.028725,0.001836,0.0102,0.01231,0.0016,0.006155,15.0,COLLISION RISK,0.1
0.15676,0.014582,0.00882,0.011067,0.0055,0.034035,1.9956,APPROCHE,1.0
0.07833,0.007096,0.011335,0.013183,0.0031,0.02672,2.7963,APPROCHE,1.0
0.08932007990900061,0.056788383891810776,0.00947124277175758,0.010396535788638063,0.015213160978717293,0.10490299440922589,15.0,ÉLOIGNEMENT,5.0
0.1407950996463699,0.04728205558914201,0.011048976195303106,0.011544708021198594,0.034429980504047594,0.10364493362444875,0.4993159373629672,COLLISION RISK,5.0
0.103645,0.009123,0.01005,0.011139,0.0045,0.02446,3.4791,APPROCHE,1.0
0.174305,0.022382,0.00729,0.009376,0.0078,0.07307,15.0,ÉLOIGNEMENT,2.5
0.149645,0.019201,0.011155,0.012858,0.0059,0.045555,15.0,ÉLOIGNEMENT,1.0
0.0764966589369095,0.0471545006399963,0.02246412465721288,0.05697071672379693,0.009077191442521471,0.11944674692164468,0.0,COLLISION RISK,5.0
0.13928156848908968,0.02581115186038631,0.010194504358348008,0.012851970046097018,0.004497191766048537,0.04358076096359669,15.0,ÉLOIGNEMENT,2.5
0.018315,0.004106,0.00674,0.008511,0.0014,0.023025,0.8249,COLLISION RISK,0.1
0.18131,0.010478,0.01537,0.026555,0.0037,0.026,3.7457,APPROCHE,1.0
0.041035,0.018346,0.00916,0.011034,0.007,0.076635,0.7647,COLLISION RISK,2.5
0.12149535168694332,0.05722735112358385,0.011539058443245147,0.014063876522309617,0.011057650782767353,0.12535619938438586,15.0,ÉLOIGNEMENT,5.0
0.099765,0.011094,0.01102,0.012128,0.0037,0.025355,3.8121,APPROCHE,1.0
0.02397,0.015555,0.008845,0.010011,0.0175,0.031165,15.0,ÉLOIGNEMENT,1.0
0.09595656995515864,0.05195068854686449,0.012525540111043367,0.015463104909460818,0.020887635555361602,0.10718811120900457,14.629830149576165,ÉLOIGNEMENT,5.0
0.02065,0.004509,0.009485,0.011226,0.0016,0.007385,15.0,COLLISION RISK,0.1
0.11909585842071815,0.03612670485443706,0.010586891795848149,0.006516410067634645,0.013131593281985248,0.07427954350863739,14.966940885984725,ÉLOIGNEMENT,2.5
0.072835,0.054035,0.0087,0.010063,0.0161,0.091475,15.0,ÉLOIGNEMENT,5.0
0.093265,0.007511,0.008775,0.010739,0.0088,0.024595,15.0,APPROCHE,1.0
0.02761,0.001069,0.011255,0.01251,0.0007,0.00413,15.0,COLLISION RISK,0.1
0.123235,0.020604,0.0084,0.010337,0.0055,0.05102,2.6298,APPROCHE,1.0
0.04665235706201017,0.03373503008120229,0.009241686588332762,0.011035151610002134,0.020330128631187046,0.0649571213830083,15.0,ÉLOIGNEMENT,2.5
0.19008,0.002886,0.01218,0.014836,0.0006,0.00323,15.0,STATIONNAIRE,0.1
0.134975,0.039739,0.00959,0.010803,0.0107,0.07405,0.4981,COLLISION RISK,2.5
0.17447,0.005453,0.00887,0.010728,0.0048,0.011105,7.5273,APPROCHE,0.1
0.181315,0.000106,0.010665,0.013781,0.0001,0.0011,15.0,STATIONNAIRE,0.1
0.12690743297625098,0.049397904764273,0.025081028082367677,0.061485685886968594,0.019647547128768785,0.08389040961674105,0.2700980678945484,COLLISION RISK,5.0
0.012685,0.002294,0.009185,0.010936,0.0027,0.028805,15.0,COLLISION RISK,1.0
0.18074,0.000361,0.011215,0.014497,0.0002,0.00138,15.0,APPROCHE,0.1
0.116285,0.0467,0.010535,0.013354,0.0122,0.09512,3.095,APPROCHE,5.0
0.03123,0.004696,0.013505,0.014686,0.003,0.00776,15.0,COLLISION RISK,0.1
0.16177,0.027245,0.025595,0.059396,0.014,0.04827,0.6399,COLLISION RISK,2.5
0.18004,0.00039,0.011435,0.011606,0.0002,0.001095,15.0,STATIONNAIRE,0.1
0.10644303346364102,0.037039884872053085,0.04903367288745157,0.1442608916824968,0.010698072282697547,0.09468763106506153,0.6935566700241909,COLLISION RISK,5.0
0.07595528118956425,0.05492128185969465,0.009550462408221516,0.012112231942410474,0.018002881908262852,0.08927132570940359,15.0,ÉLOIGNEMENT,5.0
0.0817690261135015,0.029360086887405226,0.00865818974166345,0.00965676942988582,0.009833769499787712,0.048137227990574814,15.0,ÉLOIGNEMENT,2.5
0.18087,0.000251,0.00974,0.010799,0.0001,0.00133,15.0,STATIONNAIRE,0.1
0.14681518623729659,0.050271398287102705,0.01399877945490823,0.017197900340401626,0.01262992856176483,0.12657484772701458,14.484093767293976,ÉLOIGNEMENT,5.0
0.16921,0.03409,0.011185,0.012689,0.0118,0.10864,15.0,ÉLOIGNEMENT,2.5
0.17913,0.000545,0.008895,0.011114,0.0002,0.003275,15.0,STATIONNAIRE,0.1
0.05337,0.010079,0.01367,0.022945,0.0034,0.022005,1.2635,COLLISION RISK,1.0
0.029755,0.004467,0.01267,0.01355,0.003,0.007915,15.0,COLLISION RISK,0.1
0.112845,0.003044,0.00831,0.01055,0.0018,0.021335,15.0,ÉLOIGNEMENT,0.1
0.09058,0.008198,0.00769,0.009178,0.0088,0.02411,3.295,APPROCHE,1.0
0.12972764638700385,0.040666870128178094,0.04951298843202132,0.14516472958601473,0.012057462369062803,0.08035602005137833,0.0,COLLISION RISK,5.0
0.05222,0.025855,0.00952,0.010661,0.0087,0.087815,0.5639,COLLISION RISK,2.5
0.1240407553365956,0.05510121454598972,0.012026007033192175,0.009562752725566788,0.009602595087289117,0.09735378063700162,2.0781826505546968,APPROCHE,5.0
0.07497411685399519,0.034672966724670344,0.01096551569128127,0.011332839531774438,0.002392120275832379,0.10279365273699251,0.0,COLLISION RISK,5.0
0.061095318463420624,0.052439547856476275,0.012706283056824735,0.014222007016110214,0.013514654911880655,0.09057104168103422,15.0,ÉLOIGNEMENT,5.0
0.041185,0.011376,0.012235,0.013817,0.0074,0.023145,15.0,ÉLOIGNEMENT,1.0
0.12124363184376946,0.02689091465764059,0.011159011902508386,0.012100529442447877,0.004011262213652167,0.03734220326577223,14.873894062303382,ÉLOIGNEMENT,2.5
0.083245,0.055244,0.011925,0.016617,0.0175,0.098165,15.0,ÉLOIGNEMENT,5.0
0.136634831408962,0.029412579813628215,0.050445395052789915,0.1441131827906334,0.0006683652016605066,0.07809014945903657,0.8665087965358023,COLLISION RISK,5.0
0.09573,0.006678,0.00776,0.009317,0.0027,0.032805,7.2459,APPROCHE,1.0
0.12321664703418818,0.05323989743172883,0.013148217179539635,0.0201929694216589,0.010450952149702382,0.12342023464937697,15.0,ÉLOIGNEMENT,5.0
0.09112,0.056883,0.011685,0.016397,0.0175,0.103225,15.0,ÉLOIGNEMENT,5.0
0.12160910454271316,0.039726766642172506,0.05175458394031447,0.14441659488948996,0.007508158442063831,0.08933730165220953,0.06957714164470563,COLLISION RISK,5.0
0.032995,0.00276,0.00859,0.010867,0.0019,0.01279,15.0,COLLISION RISK,0.1
0.188475,0.009774,0.010225,0.011601,0.0043,0.045535,15.0,ÉLOIGNEMENT,1.0
0.113795,0.017356,0.00949,0.011252,0.0055,0.04961,3.1676,APPROCHE,1.0
0.1113364891394843,0.046895522537433926,0.01025908089777032,0.011772063941877752,0.004774025466036213,0.08969733469402226,14.101244266406159,STATIONNAIRE,5.0
0.10918615490056985,0.05595749489613646,0.011357676835869367,0.012938280617701624,0.01111098834226342,0.11978456140831772,15.0,ÉLOIGNEMENT,5.0
0.0940819339933717,0.029523144933149285,0.005953085368244028,0.011891260466440966,0.014364651390332842,0.05970199210627301,14.368110771715282,ÉLOIGNEMENT,2.5
0.055675,0.008966,0.01299,0.021932,0.0034,0.020415,1.3538,COLLISION RISK,1.0
0.18513,0.005371,0.02071,0.031976,0.0035,0.0194,4.058,APPROCHE,1.0
0.08959976567127718,0.041662426573525854,0.009978163718071325,0.013081149753909636,0.008561170175790016,0.09998888436991635,0.740536944355309,COLLISION RISK,5.0
0.1279444337833077,0.05295839154328828,0.012006228889727357,0.016736757523006535,0.029654842551467504,0.12542782248288292,15.0,ÉLOIGNEMENT,5.0
0.1467530172852682,0.035576556431244084,0.05163711022997255,0.14550555598171525,0.0,0.06455001245482475,0.8114947942110604,COLLISION RISK,5.0
0.12106,0.039008,0.050715,0.145734,0.0087,0.08701,0.507,COLLISION RISK,5.0
0.10852207947437881,0.03760705224055209,0.05059499625757207,0.14503302467679718,0.020039969383923092,0.09017698434632401,0.34424080481509434,COLLISION RISK,5.0
0.068155,0.050334,0.011685,0.016295,0.0175,0.087605,15.0,ÉLOIGNEMENT,5.0
0.12546802231880536,0.034204819666760644,0.05159740147674427,0.14538039892869134,0.008296930259703867,0.08113060110827443,0.9769876935243536,COLLISION RISK,5.0
0.1315461959054299,0.04996418174181006,0.010375240247502034,0.01376371743001041,0.013882838426999848,0.12763955398159857,15.0,ÉLOIGNEMENT,5.0
0.12172784102010942,0.051778814421915974,0.02377273486661305,0.057821003257286535,0.012538841664888396,0.08771519544389406,0.4699806297516774,COLLISION RISK,5.0
0.1629970476626471,0.04031615619526617,0.011341597635974435,0.018405439302912708,0.005995823622070642,0.11913993370075786,14.63363010909503,ÉLOIGNEMENT,5.0
0.025225,0.002345,0.009,0.011454,0.002,0.04025,0.7428,COLLISION RISK,1.0
0.17701,0.005404,0.008745,0.010771,0.0131,0.013715,0.9349,COLLISION RISK,1.0
0.16337600984943457,0.019816442864463428,0.04830896796550574,0.14501536438756968,0.008392458558628876,0.04506161828059552,1.7506177094912911,COLLISION RISK,2.5
0.05831,0.014527,0.01451,0.021172,0.0074,0.03184,15.0,ÉLOIGNEMENT,1.0
0.028505,0.006414,0.00887,0.010786,0.0046,0.05264,1.1295,COLLISION RISK,1.0
0.084465,0.011966,0.016585,0.023074,0.0036,0.035435,15.0,ÉLOIGNEMENT,1.0
0.1547203595992839,0.029309699015844893,0.04970033514771548,0.14655763504760608,0.0028318558747814186,0.050623436587772824,0.5745571401894154,COLLISION RISK,2.5
0.12912213172026799,0.05095182629284541,0.011285534564915711,0.012758585727954953,0.012654033764283413,0.10710235086628216,1.060465926624079,APPROCHE,5.0
0.11456925724799615,0.030078545098480826,0.009369959302128188,0.00962588551359904,0.00946789838845625,0.073805448717846,14.267692620642054,ÉLOIGNEMENT,2.5
0.102355,0.009857,0.01,0.010864,0.0045,0.025295,3.5556,APPROCHE,1.0
0.04298367783475472,0.022518691405296505,0.008819715442963793,0.009171883588144171,0.02157087236913044,0.08623396173972753,0.9774209669590012,COLLISION RISK,2.5
0.01387,0.004284,0.00797,0.009222,0.0033,0.04315,1.3999,COLLISION RISK,1.0
0.12742235466339522,0.038898501526656276,0.007151891891338187,0.00691756872533845,0.01654317455973748,0.07366794138522723,15.0,ÉLOIGNEMENT,2.5
0.202545,0.009653,0.00671,0.008781,0.0199,0.039935,15.0,STATIONNAIRE,1.0
0.0806158930138175,0.04326006092575169,0.01114697294154018,0.012527567230204718,0.01356766326400344,0.09863818107755128,0.26432386739889346,COLLISION RISK,5.0
0.06150182419368881,0.046273942456516635,0.00979762894075515,0.009503864512043709,0.02631696203605567,0.08419240720581372,15.0,ÉLOIGNEMENT,5.0
0.11751,0.006055,0.00796,0.010063,0.0025,0.029105,15.0,STATIONNAIRE,1.0
0.180315,0.000382,0.009405,0.012188,0.0001,0.00143,15.0,STATIONNAIRE,0.1
0.12856106963869335,0.026047278443360567,0.013595390659084002,0.018572777430733635,0.013950276186998681,0.049154628273127846,15.0,ÉLOIGNEMENT,2.5
0.07263,0.021672,0.00883,0.010652,0.0104,0.040135,15.0,ÉLOIGNEMENT,1.0
0.150365,0.04457,0.012045,0.01689,0.0143,0.12327,15.0,ÉLOIGNEMENT,5.0
0.016885,0.008167,0.00912,0.010869,0.0046,0.053625,0.6001,COLLISION RISK,1.0
0.114485,0.023984,0.01252,0.016838,0.0132,0.03765,15.0,ÉLOIGNEMENT,2.5
0.041545,0.025054,0.00966,0.011708,0.0092,0.08738,0.2154,COLLISION RISK,2.5
0.14139156976195572,0.029714501149018795,0.0044978590953324,0.01073156600262707,0.008157266372516691,0.06618202406095343,15.0,ÉLOIGNEMENT,2.5
0.180535,0.000442,0.009305,0.012215,0.0002,0.00148,15.0,STATIONNAIRE,0.1
0.06631,0.002144,0.01259,0.01526,0.0026,0.01829,4.2737,APPROCHE,0.1
0.01462,0.005379,0.00851,0.009773,0.0037,0.046905,1.0834,COLLISION RISK,1.0
0.14291,0.030305,0.014445,0.01809,0.0132,0.057565,15.0,ÉLOIGNEMENT,2.5
0.03038,0.004098,0.014035,0.015519,0.0023,0.007445,15.0,COLLISION RISK,0.1
0.02831,0.002766,0.017795,0.022862,0.0057,0.010505,15.0,COLLISION RISK,1.0
0.08637767071570221,0.05646655646888022,0.008900281110844725,0.009666772287019669,0.009029357918839725,0.1075548595666846,15.0,ÉLOIGNEMENT,5.0
0.0813,0.041163,0.0105,0.012103,0.0107,0.100975,0.2765,COLLISION RISK,5.0
0.024781328905335565,0.021882698167728046,0.0069692743825004975,0.010038790972283508,0.022162070017649464,0.04600069048011457,15.0,ÉLOIGNEMENT,2.5
0.03591,0.009599,0.010525,0.012697,0.0153,0.016675,15.0,ÉLOIGNEMENT,1.0
0.097835,0.006472,0.008425,0.010804,0.0131,0.03766,1.8875,APPROCHE,1.0
0.0543,0.043416,0.010555,0.015366,0.0175,0.07462,15.0,ÉLOIGNEMENT,2.5
0.16759,0.008891,0.011225,0.013664,0.0043,0.035015,3.4939,APPROCHE,1.0
0.02211,0.013039,0.00918,0.011198,0.0059,0.06476,0.4002,COLLISION RISK,1.0
0.180575,0.000985,0.011,0.012953,0.0002,0.00292,15.0,STATIONNAIRE,0.1
0.172385,0.027774,0.008425,0.011292,0.0329,0.07199,0.8545,COLLISION RISK,2.5
0.19669,0.011445,0.008565,0.010836,0.0023,0.00956,15.0,STATIONNAIRE,1.0
0.0247,0.001875,0.00918,0.011611,0.0017,0.03814,1.3011,COLLISION RISK,1.0
0.04105705109838048,0.04362038876332421,0.008098036840027082,0.00736071886403111,0.016050580597627533,0.06540258593468472,15.0,ÉLOIGNEMENT,2.5
0.1427986142211292,0.03467051396052772,0.024463749169636836,0.06006418709286654,0.014231309092105352,0.07083114160817179,0.0,COLLISION RISK,2.5
0.17896,0.021645,0.00728,0.009033,0.0199,0.08039,15.0,ÉLOIGNEMENT,2.5
0.168415,0.007384,0.01089,0.012268,0.0056,0.033455,15.0,ÉLOIGNEMENT,1.0
0.182115,0.003333,0.01417,0.021047,0.0035,0.00726,15.0,ÉLOIGNEMENT,0.1
0.189965,0.003504,0.010575,0.013059,0.0007,0.003275,15.0,STATIONNAIRE,0.1
0.07634992524533088,0.018391201351267907,0.008846056986278746,0.009843239224941699,0.018998296483575625,0.04729202361037816,15.0,ÉLOIGNEMENT,2.5
0.1813,0.000311,0.00831,0.008681,0.0001,0.001695,15.0,STATIONNAIRE,0.1
0.15500273282165394,0.01928391613716955,0.016489729407910717,0.02050680792086364,0.011682772481483666,0.06449462804095878,14.911235018882579,ÉLOIGNEMENT,2.5
0.032435,0.004771,0.012965,0.014165,0.003,0.00717,15.0,COLLISION RISK,0.1
0.191705,0.003553,0.009405,0.011848,0.0007,0.004915,15.0,STATIONNAIRE,0.1
0.18041,0.000494,0.011205,0.014199,0.0002,0.00144,15.0,APPROCHE,0.1
0.17444,0.014585,0.01441,0.026276,0.0037,0.030445,2.8892,APPROCHE,1.0
0.09304,0.002695,0.00656,0.008428,0.0029,0.006425,15.0,ÉLOIGNEMENT,0.1
0.09834,0.008629,0.00847,0.009848,0.0035,0.037095,5.7132,APPROCHE,1.0
0.16004085605769122,0.024952253673093387,0.01601138073192933,0.020527024404479743,0.015052598378630228,0.06763431697574747,15.0,ÉLOIGNEMENT,2.5
0.13416447947342314,0.025336653185284382,0.011963792068706583,0.011502711450991068,0.0030269559811830988,0.04467335980155974,15.0,ÉLOIGNEMENT,2.5
0.070985,0.015048,0.00723,0.008892,0.0057,0.032485,1.8733,COLLISION RISK,1.0
0.0972615877288596,0.02521794708927718,0.009988139392996918,0.010951581359812994,0.010581869944966052,0.06107498891808944,15.0,ÉLOIGNEMENT,2.5
0.09761255235468197,0.0522723526388674,0.026856728600563536,0.05926168182232483,0.009297406006481622,0.1009786372199913,0.42064218904274514,COLLISION RISK,5.0
0.18395,0.004934,0.01538,0.021941,0.0035,0.010555,10.2518,APPROCHE,1.0
0.02867,0.002475,0.016415,0.022239,0.0015,0.011645,1.9157,COLLISION RISK,0.1
0.01997,0.0046,0.009355,0.011154,0.0016,0.0082,15.0,COLLISION RISK,0.1
0.16339060559752697,0.022072394322909097,0.05048416457456908,0.14394912289246908,0.017179023615679467,0.03976641292495233,1.1621696372866797,COLLISION RISK,2.5
0.1486438224616812,0.03310369744356766,0.007835317361508947,0.00925982042637361,0.004983366519542723,0.07628331120277485,15.0,ÉLOIGNEMENT,2.5
0.013155,0.008813,0.009525,0.012154,0.0161,0.015265,15.0,ÉLOIGNEMENT,1.0
0.181,0.000105,0.01033,0.010967,0.0001,0.00124,15.0,STATIONNAIRE,0.1
0.18831,0.003216,0.009925,0.011759,0.0007,0.00239,15.0,STATIONNAIRE,0.1
0.08938,0.018268,0.008935,0.011229,0.0133,0.043775,15.0,ÉLOIGNEMENT,1.0
0.014395,0.00272,0.008115,0.00975,0.003,0.00591,15.0,COLLISION RISK,0.1
0.04689,0.00555,0.00783,0.009006,0.0044,0.021545,15.0,ÉLOIGNEMENT,1.0
0.17743496212306556,0.028183100014218906,0.014436808643341466,0.018400022716101697,0.006074907436009182,0.055840672996294236,15.0,ÉLOIGNEMENT,2.5
0.1604,0.024897,0.00858,0.009996,0.0107,0.04734,0.733,COLLISION RISK,2.5
0.03184,0.004782,0.013325,0.014592,0.003,0.007385,15.0,COLLISION RISK,0.1
0.03741,0.00898,0.012115,0.013942,0.0057,0.017975,15.0,ÉLOIGNEMENT,1.0
0.179915,0.000285,0.009035,0.012055,0.0001,0.0014,15.0,STATIONNAIRE,0.1
0.15006879635901443,0.027904789506161508,0.008826384180600897,0.010728949493754355,0.009596383067546128,0.05672462248708429,0.9999580487389995,APPROCHE,2.5
0.11738494907849167,0.04921187183734123,0.026094450341222094,0.05973763769423961,0.03352788375892476,0.08851487720562538,0.7628693744005088,COLLISION RISK,5.0
0.09633991252787903,0.05943118505070605,0.01347694746435833,0.015031608682005107,0.029456995751620182,0.11183251796937513,15.0,ÉLOIGNEMENT,5.0
0.033355,0.011629,0.00873,0.010492,0.0059,0.06393,0.7354,COLLISION RISK,1.0
0.06894905965910772,0.042467208777892444,0.02366914909741979,0.0588389718371537,0.016835782075060434,0.11738034634290857,0.0,COLLISION RISK,5.0
0.12694,0.025211,0.010835,0.012271,0.006,0.043705,15.0,ÉLOIGNEMENT,2.5
0.18111,0.000197,0.01106,0.012887,0.0001,0.00026,15.0,STATIONNAIRE,0.1
0.11724824278471006,0.028181485578060363,0.01052836168384444,0.010572109826542362,0.0,0.04101621640217114,15.0,ÉLOIGNEMENT,2.5
0.180985,0.000124,0.01069,0.011189,0.0001,0.00125,15.0,STATIONNAIRE,0.1
0.035145,0.003466,0.013545,0.015434,0.003,0.00661,15.0,COLLISION RISK,0.1
0.055375,0.015144,0.00889,0.010768,0.0104,0.02715,15.0,ÉLOIGNEMENT,1.0
0.0677,0.003569,0.012735,0.01451,0.0026,0.018745,4.0071,APPROCHE,1.0
-0.001035,0.002445,0.01085,0.014412,0.0017,0.03414,15.0,COLLISION RISK,1.0
0.15734011402463194,0.03740698453478183,0.011349518034880147,0.016441770781538766,0.009413669036311927,0.11914181837149226,14.853503321008729,ÉLOIGNEMENT,5.0
0.1675818621164565,0.024471244109181115,0.05219759610716802,0.1454243381588011,0.004931342472666026,0.043637787543788824,0.8265401930815917,APPROCHE,2.5
0.01587,0.012536,0.009775,0.012323,0.0161,0.02271,15.0,ÉLOIGNEMENT,1.0
0.12278808699856741,0.03847855227672047,0.051120067253458835,0.14579039836782162,0.020174456459500792,0.08249952594901604,0.19040792301003656,COLLISION RISK,5.0
0.13886376103684384,0.025433814723193206,0.007032288827336413,0.007794133890378239,0.008159097832445608,0.057757838064684194,14.88067860217942,ÉLOIGNEMENT,2.5
0.10951217964760367,0.02897846225191,0.011424105607059464,0.011567355246150749,0.010553428018456601,0.07178691812439593,15.0,ÉLOIGNEMENT,2.5
0.14381912500562316,0.039611420978172086,0.011757096782291022,0.013154821276350348,0.01968642944173568,0.1227260374082519,15.0,ÉLOIGNEMENT,5.0
0.16983388322377826,0.015310115819191446,0.0250575266187129,0.061172245960096565,0.027790813170409,0.03959597920249301,0.8415975416895095,COLLISION RISK,2.5
0.02832,0.002428,0.01111,0.012024,0.0023,0.007945,15.0,COLLISION RISK,0.1
0.01243,0.00101,0.00636,0.008,0.0008,0.012875,15.0,COLLISION RISK,0.1
0.03555,0.013755,0.00892,0.010863,0.0065,0.068315,0.97,COLLISION RISK,1.0
0.169315,0.007335,0.00952,0.01089,0.0056,0.027055,15.0,ÉLOIGNEMENT,1.0
0.07746722336332919,0.04774316384807693,0.02406472588879607,0.05879043741095052,0.005669659155369832,0.11571301253942641,0.09488681025500001,COLLISION RISK,5.0
0.07261261823238611,0.0431002497996851,0.02456518209218943,0.05966796807965912,0.009884011749683473,0.12283733415402505,0.0,COLLISION RISK,5.0
0.15146746376908016,0.029335005347060326,0.05132050790976045,0.14442333823891357,0.009669387035651133,0.057650079802454415,0.33648737449376476,COLLISION RISK,5.0
0.09638745339514264,0.03827345725246407,0.017702614632631865,0.04351269157768552,0.022883234967716166,0.10192536333182724,0.0,COLLISION RISK,5.0
0.18186,0.000455,0.01032,0.012785,0.0001,0.00055,15.0,STATIONNAIRE,0.1
0.057299843859994024,0.04538564785503062,0.009286084911029682,0.009726802258315086,0.013082151376691942,0.08065559818515548,15.0,ÉLOIGNEMENT,5.0
0.0557,0.021057,0.01061,0.01231,0.0153,0.048335,15.0,ÉLOIGNEMENT,2.5
0.08776,0.010224,0.01195,0.013429,0.0037,0.02741,2.3824,APPROCHE,1.0
0.09350417139019941,0.053507472929845326,0.011075037895264764,0.01645619549311738,0.012002848507112546,0.10828267901887999,14.978751738792981,ÉLOIGNEMENT,5.0
0.16991,0.008074,0.00833,0.008812,0.0056,0.026845,15.0,ÉLOIGNEMENT,1.0
0.02118,0.003188,0.00798,0.009592,0.0014,0.02547,0.6492,COLLISION RISK,0.1
0.17971,9.9e-05,0.008855,0.010835,0.0001,0.001045,15.0,STATIONNAIRE,0.1
0.18115,0.000772,0.011555,0.01198,0.0002,0.002855,15.0,STATIONNAIRE,0.1
0.094405,0.009231,0.01139,0.014174,0.0036,0.03242,15.0,ÉLOIGNEMENT,1.0
0.181075,0.000148,0.01004,0.010546,0.0001,0.001195,15.0,STATIONNAIRE,0.1
0.11971336798794809,0.04651032963055112,0.008525666883406764,0.011741103117660497,0.012674000501666375,0.09777498015824332,3.460608783687282,APPROCHE,5.0
0.023375,0.001313,0.00787,0.010066,0.001,0.029875,0.6568,COLLISION RISK,0.1
0.04023,0.032173,0.00839,0.010923,0.0099,0.10464,-0.0114,COLLISION RISK,2.5
0.18376,0.003193,0.008605,0.010721,0.0014,0.015755,15.0,STATIONNAIRE,0.1
0.14735,0.016091,0.00741,0.009536,0.0037,0.04061,3.0123,APPROCHE,1.0
0.11047837163650596,0.04717704727511711,0.027242838804316622,0.056840386884030855,0.00924974389659443,0.10094743585083527,0.0,COLLISION RISK,5.0
0.13003940030017952,0.03033653716773865,0.00807676673950815,0.004828439737111997,0.00728464050169325,0.07510732835648457,14.586250868830561,ÉLOIGNEMENT,2.5
0.08848490809000659,0.05464494548407633,0.0237544541574187,0.059697620739375984,0.01104336363054238,0.11151380078800131,0.8880620506152994,COLLISION RISK,5.0
0.169875,0.021624,0.007625,0.00926,0.0073,0.065345,15.0,ÉLOIGNEMENT,2.5
0.14387219724525166,0.04438060766744404,0.022888771989572454,0.061308619251099976,0.011830128333886056,0.07218217978573566,0.3368432506012894,COLLISION RISK,5.0
0.05007,0.010763,0.00919,0.011045,0.0104,0.026635,15.0,ÉLOIGNEMENT,1.0
0.12988308138191207,0.049671092865756376,0.026109600892736364,0.056493187167720324,0.0193671813043311,0.08762400200323169,0.6698315265369092,COLLISION RISK,5.0
0.1855,0.004812,0.02108,0.032375,0.0035,0.016345,5.4214,APPROCHE,1.0
0.036745,0.030204,0.009475,0.011069,0.0175,0.053575,15.0,ÉLOIGNEMENT,2.5
0.179825,0.000189,0.010625,0.012423,0.0001,0.00058,15.0,STATIONNAIRE,0.1
0.1452977303591271,0.0331758937303516,0.014463893358123224,0.01878645396502186,0.011939899809749436,0.062399947443768373,14.469418082218613,ÉLOIGNEMENT,2.5
0.191395,0.007248,0.010755,0.011894,0.0035,0.039975,15.0,ÉLOIGNEMENT,1.0
0.1255693873119188,0.052537287006798224,0.024698838179278825,0.05862393084951815,0.014484749778331876,0.08051686793995484,0.43928709147284006,COLLISION RISK,5.0
0.04539,0.012946,0.01629,0.022312,0.0074,0.02557,15.0,ÉLOIGNEMENT,1.0
0.19729466259487657,0.017199515621004413,0.008735378088419222,0.011642737289006529,0.033687753855982494,0.05823157791853748,15.0,STATIONNAIRE,2.5
0.039195,0.010251,0.011825,0.013636,0.0074,0.02176,15.0,ÉLOIGNEMENT,1.0
0.179915,0.027716,0.011845,0.013351,0.0102,0.09921,15.0,ÉLOIGNEMENT,2.5
0.16876,0.006934,0.01053,0.011596,0.0056,0.028145,15.0,ÉLOIGNEMENT,1.0
0.18071,0.000291,0.00848,0.009848,0.0001,0.00119,15.0,STATIONNAIRE,0.1
0.17979,0.000161,0.010195,0.012272,0.0001,0.00054,15.0,STATIONNAIRE,0.1
0.1489193409393097,0.04138797954393633,0.010265068611139114,0.013096353984800716,0.03524417552556886,0.09251632859227425,0.13630667510481664,COLLISION RISK,5.0
0.1083,0.014644,0.00865,0.01017,0.0045,0.046855,3.6461,APPROCHE,1.0
0.18507833811880348,0.016313119194517667,0.006368061727399592,0.008461919768525181,0.041628863869950454,0.04951451503420515,1.5361607215822748,APPROCHE,2.5
0.06285,0.002655,0.01046,0.013386,0.0026,0.013515,15.0,STATIONNAIRE,0.1
0.038115,0.016032,0.0091,0.010991,0.007,0.072275,0.862,COLLISION RISK,2.5
0.098815,0.052682,0.02502,0.058811,0.014,0.10612,0.21,COLLISION RISK,5.0
0.10206,0.002389,0.008595,0.010179,0.0027,0.02065,15.0,ÉLOIGNEMENT,0.1
0.168375,0.031671,0.007765,0.010988,0.0329,0.0778,0.7527,COLLISION RISK,2.5
0.1639696201783828,0.036371192082418645,0.013163381365523561,0.019042907299697518,0.017562881198145783,0.1181180001179188,15.0,ÉLOIGNEMENT,5.0
0.15211697519046324,0.04391613521301708,0.012233038525807347,0.012906613065418777,0.008962059452228553,0.11564198293543132,15.0,ÉLOIGNEMENT,5.0
0.0612,0.002784,0.00854,0.011613,0.002,0.01159,15.0,ÉLOIGNEMENT,0.1
0.08025,0.012699,0.01587,0.022381,0.0074,0.038905,15.0,ÉLOIGNEMENT,1.0
0.16030791814462922,0.04162963468895615,0.010871922417197213,0.015507836353935319,0.007994983073914417,0.12082375586909484,15.0,ÉLOIGNEMENT,5.0
0.18681,0.002791,0.010945,0.013006,0.0007,0.00201,15.0,STATIONNAIRE,0.1
0.147425,0.02967,0.014875,0.018313,0.0132,0.060025,15.0,ÉLOIGNEMENT,2.5
0.08044734938164125,0.0214564011690587,0.011365158030460912,0.012437290477643113,0.01777480750636242,0.04852275457038683,15.0,ÉLOIGNEMENT,2.5
0.11285163866866768,0.040878773878561855,0.05208158325410443,0.14796289787761885,0.017419563979926205,0.09105955163463254,0.9889500165114888,COLLISION RISK,5.0
0.18105,0.000116,0.00979,0.010642,0.0001,0.00118,15.0,STATIONNAIRE,0.1
0.158310959372935,0.03988449988059947,0.00893895253861428,0.013783779867216458,0.03865974004660247,0.09779004345272069,1.8287147161660635,COLLISION RISK,5.0
0.061245,0.002761,0.011265,0.022032,0.0034,0.010755,1.7259,APPROCHE,0.1
0.101865,0.044054,0.00991,0.011714,0.0107,0.097885,0.3549,COLLISION RISK,5.0
0.027545,0.001694,0.016895,0.022367,0.0057,0.01256,15.0,COLLISION RISK,1.0
0.182555,0.00012,0.007945,0.010213,0.0001,0.00252,15.0,STATIONNAIRE,0.1
0.1552077581669201,0.031199195899409914,0.048343621627490986,0.14563948894516382,0.010071625666640958,0.05342293245501131,1.0396495340538867,COLLISION RISK,2.5
0.08639633245666348,0.022220743670255224,0.010627354181552813,0.008471228098751987,0.01253382489633537,0.049136248825166394,3.503710003480264,APPROCHE,2.5
0.0864454830218042,0.02469056749956995,0.0108260938156599,0.00987743721873622,0.0027122139591388705,0.05480432104504287,15.0,ÉLOIGNEMENT,2.5
0.0976074619792378,0.05686147990726934,0.02403765998447451,0.05878970296338299,0.007521855784985918,0.10150489000309569,0.2429319546868349,COLLISION RISK,5.0
0.195285,0.016981,0.010345,0.011955,0.0073,0.080065,15.0,ÉLOIGNEMENT,2.5
0.132967155386116,0.047191528678363126,0.009707014837129171,0.015469289309414755,0.013785786931852602,0.10946489632029176,1.1985249479395963,APPROCHE,5.0
0.13639136077921585,0.029931848152374853,0.005032547812328312,0.007317559269001954,0.011855256402747046,0.05741118783760852,14.75839509002995,ÉLOIGNEMENT,2.5
