sample,timestamp_s,d_raw_m,a_raw_ms2,d_est_m,v_est_ms,a_est_ms2,v_used_ms,TTC_s,label
1,0.0687,0.1804,-0.0149,0.1804,-0.0007,-0.0149,-0.0001,15.0000,STATIONNAIRE
2,0.1100,0.1804,-0.0077,0.1804,-0.0002,-0.0077,-0.0001,15.0000,STATIONNAIRE
3,0.2180,0.1804,0.0127,0.1804,0.0004,0.0127,-0.0000,15.0000,STATIONNAIRE
4,0.2188,0.1804,-0.0125,0.1804,-0.0003,-0.0125,-0.0001,15.0000,STATIONNAIRE
5,0.2499,0.1804,0.0211,0.1804,0.0007,0.0211,0.0001,15.0000,STATIONNAIRE
6,0.3059,0.1804,-0.0209,0.1804,-0.0004,-0.0208,0.0000,15.0000,STATIONNAIRE
7,0.3534,0.1804,0.0067,0.1804,-0.0000,0.0067,-0.0001,15.0000,STATIONNAIRE
8,0.4013,0.1804,-0.0017,0.1804,-0.0001,-0.0017,-0.0000,15.0000,STATIONNAIRE
9,0.4487,0.1804,0.0031,0.1804,0.0001,0.0031,-0.0000,15.0000,STATIONNAIRE
10,0.4965,0.1804,-0.0029,0.1804,-0.0001,-0.0029,-0.0000,15.0000,STATIONNAIRE
11,0.7725,0.1804,-0.0065,0.1804,-0.0004,-0.0065,-0.0001,15.0000,STATIONNAIRE
12,0.7733,0.1804,0.0079,0.1804,0.0000,0.0079,-0.0001,15.0000,STATIONNAIRE
13,0.7739,0.1804,-0.0005,0.1804,-0.0000,-0.0005,0.0000,15.0000,STATIONNAIRE
14,0.7742,0.1806,0.0151,0.1805,0.0009,0.0151,0.0008,15.0000,STATIONNAIRE
15,0.7744,0.1806,0.0007,0.1805,0.0009,0.0007,0.0009,15.0000,STATIONNAIRE
16,0.7968,0.1804,0.0223,0.1806,0.0020,0.0223,0.0007,15.0000,STATIONNAIRE
17,0.8582,0.1804,0.0007,0.1806,0.0019,0.0007,0.0010,15.0000,STATIONNAIRE
18,0.9052,0.1804,0.0151,0.1806,0.0025,0.0151,0.0013,15.0000,STATIONNAIRE
19,0.9519,0.1804,0.0127,0.1807,0.0031,0.0127,0.0017,15.0000,STATIONNAIRE
20,0.9988,0.1804,0.0115,0.1808,0.0035,0.0115,0.0020,15.0000,STATIONNAIRE
21,1.2244,0.1804,0.0115,0.1809,0.0039,0.0115,0.0023,15.0000,STATIONNAIRE
22,1.2248,0.1804,-0.0017,0.1810,0.0037,-0.0017,0.0023,15.0000,STATIONNAIRE
23,1.2250,0.1804,0.0151,0.1810,0.0042,0.0151,0.0025,15.0000,STATIONNAIRE
24,1.2252,0.1804,-0.0125,0.1811,0.0034,-0.0125,0.0024,15.0000,STATIONNAIRE
25,1.2521,0.1804,0.0055,0.1811,0.0035,0.0055,0.0022,15.0000,STATIONNAIRE
26,1.2994,0.1804,-0.0077,0.1812,0.0030,-0.0077,0.0020,15.0000,STATIONNAIRE
27,1.3474,0.1804,-0.0149,0.1812,0.0021,-0.0149,0.0015,15.0000,STATIONNAIRE
28,1.3947,0.1804,-0.0077,0.1811,0.0015,-0.0077,0.0010,15.0000,STATIONNAIRE
29,1.5260,0.1804,-0.0113,0.1811,0.0008,-0.0113,0.0005,15.0000,STATIONNAIRE
30,1.5265,0.1804,0.0115,0.1810,0.0013,0.0115,0.0005,15.0000,STATIONNAIRE
31,1.7547,0.1804,-0.0089,0.1810,0.0007,-0.0089,0.0004,15.0000,STATIONNAIRE
32,1.7552,0.1806,0.0079,0.1810,0.0011,0.0079,0.0006,15.0000,STATIONNAIRE
33,1.7556,0.1804,-0.0137,0.1810,0.0003,-0.0137,0.0001,15.0000,STATIONNAIRE
34,1.7560,0.1804,0.0139,0.1809,0.0009,0.0139,0.0001,15.0000,STATIONNAIRE
35,1.7564,0.1804,-0.0041,0.1809,0.0006,-0.0041,0.0002,15.0000,STATIONNAIRE
36,1.8083,0.1804,0.0199,0.1809,0.0016,0.0199,0.0005,15.0000,STATIONNAIRE
37,1.8561,0.1804,0.0091,0.1809,0.0019,0.0091,0.0009,15.0000,STATIONNAIRE
38,1.9041,0.1804,0.0127,0.1809,0.0025,0.0127,0.0013,15.0000,STATIONNAIRE
39,1.9517,0.1804,0.0055,0.1810,0.0027,0.0055,0.0015,15.0000,STATIONNAIRE
40,1.9996,0.1804,0.0031,0.1811,0.0028,0.0031,0.0017,15.0000,STATIONNAIRE
41,2.2433,0.1804,0.0151,0.1811,0.0034,0.0151,0.0020,15.0000,STATIONNAIRE
42,2.2440,0.1804,-0.0029,0.1812,0.0032,-0.0029,0.0021,15.0000,STATIONNAIRE
43,2.2444,0.1804,0.0079,0.1813,0.0035,0.0079,0.0021,15.0000,STATIONNAIRE
44,2.2448,0.1804,0.0091,0.1813,0.0038,0.0091,0.0023,15.0000,STATIONNAIRE
45,2.2508,0.1804,0.0139,0.1814,0.0044,0.0139,0.0026,15.0000,STATIONNAIRE
46,2.2981,0.1804,0.0019,0.1815,0.0043,0.0019,0.0028,15.0000,STATIONNAIRE
47,2.3458,0.1804,-0.0137,0.1816,0.0035,-0.0137,0.0025,15.0000,STATIONNAIRE
48,2.3934,0.1804,0.0055,0.1816,0.0036,0.0055,0.0022,15.0000,STATIONNAIRE
49,2.4567,0.1804,-0.0005,0.1816,0.0034,-0.0005,0.0021,15.0000,STATIONNAIRE
50,2.5040,0.1804,-0.0029,0.1817,0.0031,-0.0029,0.0019,15.0000,STATIONNAIRE
51,2.7697,0.1804,0.0103,0.1817,0.0035,0.0103,0.0019,15.0000,STATIONNAIRE
52,2.7702,0.1804,-0.0089,0.1817,0.0029,-0.0089,0.0018,15.0000,STATIONNAIRE
53,2.7704,0.1804,-0.0053,0.1817,0.0025,-0.0053,0.0014,15.0000,STATIONNAIRE
54,2.7707,0.1804,-0.0029,0.1817,0.0022,-0.0029,0.0011,15.0000,STATIONNAIRE
55,2.7716,0.5004,-0.0017,0.2146,0.0373,0.0002,0.3363,15.0000,ÉLOIGNEMENT
56,2.8047,0.1643,0.0031,0.2111,0.0317,0.0028,-0.0257,8.2031,APPROCHE
57,2.8522,0.1274,0.0055,0.2039,0.0225,0.0050,-0.0619,3.2921,APPROCHE
58,2.8992,0.0959,-0.0209,0.1938,0.0094,-0.0215,-0.0928,2.0881,APPROCHE
59,2.9467,0.0924,0.0019,0.1838,-0.0017,0.0012,-0.0943,1.9489,APPROCHE
60,2.9946,0.0821,0.0175,0.1733,-0.0121,0.0169,-0.1029,1.6844,APPROCHE
61,3.2631,0.0592,-0.0065,0.1611,-0.0250,-0.0072,-0.1249,1.2899,APPROCHE
62,3.2635,0.0624,-0.0065,0.1498,-0.0361,-0.0071,-0.1195,1.2541,APPROCHE
63,3.2637,0.0821,-0.0005,0.1413,-0.0434,-0.0009,-0.0970,1.4559,APPROCHE
64,3.2639,0.0624,-0.0316,0.1312,-0.0534,-0.0320,-0.1167,1.1246,APPROCHE
65,3.2642,0.0461,0.0175,0.1201,-0.0617,0.0169,-0.1314,0.9137,COLLISION RISK
66,3.2948,0.0527,-0.0053,0.1104,-0.0691,-0.0057,-0.1215,0.9089,COLLISION RISK
67,3.3421,0.0527,-0.0005,0.1014,-0.0751,-0.0008,-0.1187,0.8545,COLLISION RISK
68,3.3898,0.0461,-0.0125,0.0924,-0.0814,-0.0128,-0.1227,0.7527,COLLISION RISK
69,3.4379,0.0626,0.0175,0.0857,-0.0834,0.0173,-0.1019,0.8410,COLLISION RISK
70,3.4852,0.0527,-0.0101,0.0785,-0.0871,-0.0102,-0.1089,0.7212,COLLISION RISK
71,3.7585,0.0626,0.0127,0.0730,-0.0877,0.0126,-0.0947,0.7707,COLLISION RISK
72,3.7593,0.0691,-0.0161,0.0687,-0.0885,-0.0161,-0.0845,0.8128,COLLISION RISK
73,3.7597,0.0789,-0.0005,0.0657,-0.0869,-0.0004,-0.0709,0.9273,COLLISION RISK
74,3.7600,0.0854,0.0187,0.0639,-0.0833,0.0188,-0.0603,1.0593,APPROCHE
75,3.7604,0.0959,0.0067,0.0634,-0.0790,0.0069,-0.0455,1.3940,APPROCHE
76,3.7887,0.1062,-0.0017,0.0643,-0.0739,-0.0014,-0.0314,2.0459,APPROCHE
77,3.8365,0.1130,-0.0017,0.0659,-0.0681,-0.0014,-0.0213,3.0950,APPROCHE
78,3.8847,0.1233,0.0103,0.0688,-0.0609,0.0107,-0.0075,15.0000,STATIONNAIRE
79,3.9328,0.1274,-0.0077,0.0720,-0.0545,-0.0073,-0.0006,15.0000,STATIONNAIRE
80,3.9804,0.1199,0.0079,0.0745,-0.0485,0.0082,-0.0058,15.0000,STATIONNAIRE
81,4.2067,0.1274,-0.0065,0.0777,-0.0427,-0.0061,0.0046,15.0000,STATIONNAIRE
82,4.2071,0.1274,0.0091,0.0809,-0.0365,0.0094,0.0069,15.0000,STATIONNAIRE
83,4.2073,0.1303,-0.0053,0.0843,-0.0311,-0.0050,0.0120,15.0000,ÉLOIGNEMENT
84,4.2075,0.1336,-0.0113,0.0880,-0.0260,-0.0110,0.0170,15.0000,ÉLOIGNEMENT
85,4.2340,0.1372,0.0043,0.0919,-0.0202,0.0046,0.0222,15.0000,ÉLOIGNEMENT
86,4.2814,0.1441,-0.0065,0.0963,-0.0147,-0.0062,0.0306,15.0000,ÉLOIGNEMENT
87,4.3291,0.1612,0.0019,0.1023,-0.0073,0.0023,0.0492,15.0000,ÉLOIGNEMENT
88,4.3933,0.1509,0.0115,0.1069,-0.0013,0.0118,0.0389,15.0000,ÉLOIGNEMENT
89,4.4406,0.1580,0.0103,0.1121,0.0049,0.0106,0.0471,15.0000,ÉLOIGNEMENT
90,4.4882,0.1676,-0.0173,0.1180,0.0101,-0.0169,0.0570,15.0000,ÉLOIGNEMENT
91,4.7142,0.1610,-0.0101,0.1229,0.0143,-0.0098,0.0494,15.0000,ÉLOIGNEMENT
92,4.7146,0.1580,0.0115,0.1271,0.0187,0.0117,0.0460,15.0000,ÉLOIGNEMENT
93,4.7148,0.1676,-0.0065,0.1321,0.0227,-0.0062,0.0556,15.0000,ÉLOIGNEMENT
94,4.7150,0.1676,0.0199,0.1368,0.0275,0.0201,0.0550,15.0000,ÉLOIGNEMENT
95,4.7408,0.1580,-0.0209,0.1401,0.0287,-0.0207,0.0439,15.0000,ÉLOIGNEMENT
96,4.7881,0.1580,0.0067,0.1433,0.0308,0.0068,0.0429,15.0000,ÉLOIGNEMENT
97,4.8354,0.1676,-0.0268,0.1471,0.0320,-0.0266,0.0514,15.0000,ÉLOIGNEMENT
98,4.8834,0.1706,-0.0017,0.1510,0.0343,-0.0016,0.0526,15.0000,ÉLOIGNEMENT
99,4.9313,0.1708,-0.0113,0.1545,0.0358,-0.0112,0.0509,15.0000,ÉLOIGNEMENT
100,4.9789,0.1739,0.0151,0.1581,0.0385,0.0152,0.0526,15.0000,ÉLOIGNEMENT
101,5.2109,0.1739,-0.0065,0.1615,0.0397,-0.0064,0.0509,15.0000,ÉLOIGNEMENT
102,5.2112,0.1741,-0.0113,0.1645,0.0403,-0.0112,0.0489,15.0000,ÉLOIGNEMENT
103,5.2114,0.1739,0.0031,0.1673,0.0413,0.0031,0.0467,15.0000,ÉLOIGNEMENT
104,5.2117,0.1643,0.0055,0.1688,0.0410,0.0055,0.0350,15.0000,ÉLOIGNEMENT
105,5.2400,0.1643,0.0151,0.1702,0.0410,0.0150,0.0337,15.0000,ÉLOIGNEMENT
106,5.2872,0.1645,-0.0053,0.1715,0.0399,-0.0053,0.0323,15.0000,ÉLOIGNEMENT
107,5.3343,0.1643,0.0043,0.1725,0.0391,0.0042,0.0303,15.0000,ÉLOIGNEMENT
108,5.3817,0.1643,0.0139,0.1735,0.0387,0.0138,0.0289,15.0000,ÉLOIGNEMENT
109,5.4288,0.1643,0.0163,0.1743,0.0382,0.0162,0.0276,15.0000,ÉLOIGNEMENT
110,5.4921,0.1998,0.0127,0.1786,0.0415,0.0128,0.0633,15.0000,ÉLOIGNEMENT
111,5.7309,0.1610,-0.0089,0.1787,0.0389,-0.0090,0.0202,15.0000,ÉLOIGNEMENT
112,5.7313,0.1509,0.0282,0.1776,0.0370,0.0280,0.0087,15.0000,STATIONNAIRE
113,5.7315,0.1441,-0.0256,0.1758,0.0318,-0.0258,0.0003,15.0000,STATIONNAIRE
114,5.7317,0.1338,0.0067,0.1729,0.0273,0.0064,-0.0117,14.7316,APPROCHE
115,5.7320,0.1199,0.0019,0.1687,0.0214,0.0016,-0.0270,6.2566,APPROCHE
116,5.7779,0.1200,0.0043,0.1647,0.0161,0.0040,-0.0273,6.0346,APPROCHE
117,5.8409,0.1027,0.0151,0.1591,0.0099,0.0147,-0.0455,3.4939,APPROCHE
118,5.8884,0.1199,0.0067,0.1555,0.0059,0.0065,-0.0273,5.6876,APPROCHE
119,5.9360,0.1706,0.0103,0.1574,0.0080,0.0104,0.0251,15.0000,ÉLOIGNEMENT
120,5.9840,0.1804,-0.0089,0.1601,0.0101,-0.0087,0.0335,15.0000,ÉLOIGNEMENT
121,6.2538,0.1804,0.0067,0.1626,0.0126,0.0068,0.0318,15.0000,ÉLOIGNEMENT
122,6.2542,0.1804,-0.0029,0.1650,0.0143,-0.0028,0.0304,15.0000,ÉLOIGNEMENT
123,6.2545,0.1804,0.0127,0.1672,0.0166,0.0128,0.0295,15.0000,ÉLOIGNEMENT
124,6.2547,0.1804,-0.0041,0.1693,0.0178,-0.0040,0.0285,15.0000,ÉLOIGNEMENT
125,6.2549,0.1804,0.0043,0.1713,0.0191,0.0044,0.0276,15.0000,ÉLOIGNEMENT
126,6.2851,0.1804,0.0055,0.1731,0.0203,0.0055,0.0268,15.0000,ÉLOIGNEMENT
127,6.3324,0.1804,0.0151,0.1747,0.0217,0.0151,0.0262,15.0000,ÉLOIGNEMENT
128,6.3796,0.1804,0.0043,0.1763,0.0225,0.0043,0.0256,15.0000,ÉLOIGNEMENT
129,6.4269,0.1804,0.0055,0.1777,0.0231,0.0055,0.0248,15.0000,ÉLOIGNEMENT
130,6.4898,0.1804,0.0091,0.1790,0.0237,0.0091,0.0240,15.0000,ÉLOIGNEMENT
131,6.7211,0.1804,-0.0185,0.1802,0.0228,-0.0185,0.0228,15.0000,ÉLOIGNEMENT
132,6.7214,0.1804,-0.0137,0.1812,0.0220,-0.0137,0.0213,15.0000,ÉLOIGNEMENT
133,6.7217,0.1804,0.0103,0.1822,0.0223,0.0103,0.0202,15.0000,ÉLOIGNEMENT
134,6.7219,0.1804,-0.0053,0.1830,0.0217,-0.0053,0.0191,15.0000,ÉLOIGNEMENT
135,6.7286,0.1804,0.0091,0.1837,0.0217,0.0091,0.0182,15.0000,ÉLOIGNEMENT
136,6.7917,0.1804,-0.0053,0.1843,0.0210,-0.0053,0.0171,15.0000,ÉLOIGNEMENT
137,6.8389,0.1804,0.0139,0.1849,0.0211,0.0138,0.0163,15.0000,ÉLOIGNEMENT
138,6.8857,0.1804,-0.0280,0.1853,0.0191,-0.0280,0.0150,15.0000,ÉLOIGNEMENT
139,6.9324,0.1804,0.0043,0.1857,0.0187,0.0042,0.0137,15.0000,ÉLOIGNEMENT
140,6.9794,0.1804,0.0007,0.1860,0.0180,0.0007,0.0127,15.0000,ÉLOIGNEMENT
141,7.2232,0.1804,0.0067,0.1862,0.0177,0.0067,0.0119,15.0000,ÉLOIGNEMENT
142,7.2238,0.1804,0.0007,0.1864,0.0170,0.0007,0.0111,15.0000,ÉLOIGNEMENT
143,7.2242,0.1804,-0.0137,0.1866,0.0155,-0.0137,0.0100,15.0000,ÉLOIGNEMENT
144,7.2246,0.1804,0.0067,0.1866,0.0151,0.0066,0.0091,15.0000,STATIONNAIRE
145,7.2339,0.1804,-0.0101,0.1867,0.0138,-0.0101,0.0082,15.0000,STATIONNAIRE
146,7.2813,0.1804,0.0007,0.1866,0.0131,0.0006,0.0073,15.0000,STATIONNAIRE
147,7.3295,0.1804,0.0055,0.1866,0.0126,0.0055,0.0067,15.0000,STATIONNAIRE
148,7.3771,0.1804,-0.0089,0.1865,0.0114,-0.0089,0.0059,15.0000,STATIONNAIRE
149,7.4413,0.1804,0.0055,0.1864,0.0109,0.0054,0.0052,15.0000,STATIONNAIRE
150,7.4889,0.1806,-0.0053,0.1863,0.0099,-0.0053,0.0048,15.0000,STATIONNAIRE
151,7.7147,0.1804,0.0115,0.1862,0.0098,0.0114,0.0042,15.0000,STATIONNAIRE
152,7.7152,0.1804,-0.0364,0.1860,0.0073,-0.0364,0.0031,15.0000,STATIONNAIRE
153,7.7155,0.1804,0.0199,0.1857,0.0076,0.0198,0.0025,15.0000,STATIONNAIRE
154,7.7158,0.1804,-0.0173,0.1855,0.0061,-0.0173,0.0020,15.0000,STATIONNAIRE
155,7.7263,0.1804,0.0258,0.1853,0.0068,0.0257,0.0018,15.0000,STATIONNAIRE
156,7.7895,0.1804,-0.0065,0.1851,0.0059,-0.0065,0.0016,15.0000,STATIONNAIRE
157,7.8358,0.1804,0.0091,0.1849,0.0058,0.0091,0.0014,15.0000,STATIONNAIRE
158,7.8839,0.1804,0.0139,0.1847,0.0060,0.0139,0.0015,15.0000,STATIONNAIRE
159,7.9309,0.1804,-0.0137,0.1845,0.0048,-0.0137,0.0012,15.0000,STATIONNAIRE
160,7.9780,0.1804,0.0127,0.1843,0.0050,0.0126,0.0009,15.0000,STATIONNAIRE
161,8.2412,0.1804,-0.0209,0.1841,0.0035,-0.0209,0.0005,15.0000,STATIONNAIRE
162,8.2416,0.1804,-0.0029,0.1839,0.0029,-0.0029,-0.0001,15.0000,STATIONNAIRE
163,8.2418,0.1804,-0.0113,0.1837,0.0019,-0.0113,-0.0006,15.0000,STATIONNAIRE
164,8.2420,0.1804,-0.0125,0.1834,0.0009,-0.0125,-0.0012,15.0000,STATIONNAIRE
165,8.2422,0.1804,-0.0185,0.1831,-0.0003,-0.0185,-0.0019,15.0000,STATIONNAIRE
166,8.2777,0.1804,0.0019,0.1828,-0.0005,0.0019,-0.0023,15.0000,STATIONNAIRE
167,8.3262,0.1804,-0.0149,0.1825,-0.0016,-0.0149,-0.0027,15.0000,STATIONNAIRE
168,8.3890,0.1804,-0.0017,0.1822,-0.0019,-0.0017,-0.0031,15.0000,STATIONNAIRE
169,8.4369,0.1804,0.0199,0.1820,-0.0011,0.0199,-0.0028,15.0000,STATIONNAIRE
170,8.4848,0.1804,0.0091,0.1818,-0.0008,0.0091,-0.0023,15.0000,STATIONNAIRE
171,8.7322,0.1804,-0.0113,0.1816,-0.0015,-0.0113,-0.0023,15.0000,STATIONNAIRE
172,8.7326,0.1804,0.0019,0.1814,-0.0015,0.0019,-0.0024,15.0000,STATIONNAIRE
173,8.7328,0.1804,0.0151,0.1813,-0.0009,0.0151,-0.0021,15.0000,STATIONNAIRE
174,8.7330,0.1804,-0.0113,0.1811,-0.0015,-0.0113,-0.0020,15.0000,STATIONNAIRE
175,8.7381,0.1804,0.0127,0.1810,-0.0010,0.0127,-0.0018,15.0000,STATIONNAIRE
176,8.7861,0.1804,0.0079,0.1809,-0.0006,0.0079,-0.0014,15.0000,STATIONNAIRE
177,8.8339,0.1804,0.0043,0.1808,-0.0005,0.0043,-0.0011,15.0000,STATIONNAIRE
178,8.8817,0.1804,0.0055,0.1808,-0.0002,0.0055,-0.0009,15.0000,STATIONNAIRE
179,8.9296,0.1804,-0.0029,0.1807,-0.0004,-0.0029,-0.0008,15.0000,STATIONNAIRE
180,8.9776,0.1804,-0.0185,0.1806,-0.0014,-0.0185,-0.0011,15.0000,STATIONNAIRE
181,9.2309,0.1804,-0.0173,0.1805,-0.0023,-0.0173,-0.0017,15.0000,STATIONNAIRE
182,9.2313,0.1804,0.0007,0.1804,-0.0022,0.0007,-0.0019,15.0000,STATIONNAIRE
183,9.2315,0.1804,0.0318,0.1804,-0.0006,0.0318,-0.0013,15.0000,STATIONNAIRE
184,9.2317,0.1804,-0.0137,0.1803,-0.0013,-0.0136,-0.0010,15.0000,STATIONNAIRE
185,9.2320,0.1804,-0.0029,0.1803,-0.0014,-0.0029,-0.0012,15.0000,STATIONNAIRE
186,9.2784,0.1804,-0.0077,0.1802,-0.0018,-0.0077,-0.0013,15.0000,STATIONNAIRE
187,9.3259,0.1804,0.0007,0.1801,-0.0017,0.0007,-0.0014,15.0000,STATIONNAIRE
188,9.3884,0.1804,-0.0185,0.1801,-0.0026,-0.0185,-0.0017,15.0000,STATIONNAIRE
189,9.4358,0.1804,0.0091,0.1800,-0.0021,0.0091,-0.0017,15.0000,STATIONNAIRE
190,9.4828,0.1804,0.0031,0.1799,-0.0019,0.0031,-0.0015,15.0000,STATIONNAIRE
191,9.7614,0.1804,-0.0005,0.1799,-0.0019,-0.0005,-0.0013,15.0000,STATIONNAIRE
192,9.7618,0.1804,-0.0137,0.1799,-0.0025,-0.0137,-0.0015,15.0000,STATIONNAIRE
193,9.7621,0.1804,-0.0149,0.1798,-0.0031,-0.0149,-0.0019,15.0000,STATIONNAIRE
194,9.7624,0.1804,-0.0017,0.1797,-0.0031,-0.0017,-0.0021,15.0000,STATIONNAIRE
195,9.7626,0.1804,-0.0053,0.1796,-0.0033,-0.0053,-0.0022,15.0000,STATIONNAIRE
196,9.7829,0.1804,0.0151,0.1796,-0.0025,0.0151,-0.0019,15.0000,STATIONNAIRE
197,9.8309,0.1804,0.0127,0.1796,-0.0017,0.0127,-0.0013,15.0000,STATIONNAIRE
198,9.8785,0.1804,-0.0077,0.1796,-0.0020,-0.0077,-0.0012,15.0000,STATIONNAIRE
199,9.9263,0.1804,0.0175,0.1796,-0.0010,0.0175,-0.0008,15.0000,STATIONNAIRE
200,9.9739,0.1804,-0.0005,0.1796,-0.0010,-0.0005,-0.0004,15.0000,STATIONNAIRE
201,10.2255,0.1804,-0.0029,0.1797,-0.0010,-0.0029,-0.0004,15.0000,STATIONNAIRE
202,10.2260,0.1804,-0.0232,0.1797,-0.0021,-0.0232,-0.0008,15.0000,STATIONNAIRE
203,10.2262,0.1804,0.0139,0.1797,-0.0013,0.0139,-0.0008,15.0000,STATIONNAIRE
204,10.2265,0.1804,-0.0113,0.1797,-0.0018,-0.0113,-0.0007,15.0000,STATIONNAIRE
205,10.2278,0.1804,0.0079,0.1797,-0.0013,0.0079,-0.0007,15.0000,STATIONNAIRE
206,10.2756,0.1804,0.0019,0.1797,-0.0011,0.0019,-0.0005,15.0000,STATIONNAIRE
207,10.3228,0.1804,-0.0029,0.1797,-0.0012,-0.0029,-0.0005,15.0000,STATIONNAIRE
208,10.3870,0.1804,0.0103,0.1797,-0.0006,0.0103,-0.0002,15.0000,STATIONNAIRE
209,10.4345,0.1804,-0.0101,0.1798,-0.0010,-0.0101,-0.0002,15.0000,STATIONNAIRE
210,10.4823,0.1804,0.0163,0.1798,-0.0001,0.0163,0.0000,15.0000,STATIONNAIRE
211,10.7371,0.1804,-0.0185,0.1798,-0.0010,-0.0185,-0.0001,15.0000,STATIONNAIRE
212,10.7375,0.1804,0.0043,0.1799,-0.0007,0.0043,-0.0002,15.0000,STATIONNAIRE
213,10.7378,0.1806,-0.0029,0.1799,-0.0007,-0.0029,0.0000,15.0000,STATIONNAIRE
214,10.7382,0.1804,0.0223,0.1799,0.0004,0.0223,0.0002,15.0000,STATIONNAIRE
215,10.7385,0.1804,-0.0005,0.1800,0.0005,-0.0005,0.0006,15.0000,STATIONNAIRE
216,10.7844,0.1804,0.0187,0.1801,0.0014,0.0187,0.0010,15.0000,STATIONNAIRE
217,10.8321,0.1804,0.0103,0.1802,0.0020,0.0103,0.0015,15.0000,STATIONNAIRE
218,10.8798,0.1804,0.0163,0.1803,0.0028,0.0163,0.0020,15.0000,STATIONNAIRE
219,10.9271,0.1804,0.0115,0.1805,0.0034,0.0115,0.0025,15.0000,STATIONNAIRE
220,10.9746,0.1804,0.0067,0.1806,0.0037,0.0067,0.0028,15.0000,STATIONNAIRE
221,11.2081,0.1804,0.0282,0.1808,0.0050,0.0282,0.0034,15.0000,STATIONNAIRE
222,11.2085,0.1804,0.0139,0.1810,0.0057,0.0139,0.0040,15.0000,STATIONNAIRE
223,11.2088,0.1804,0.0031,0.1812,0.0057,0.0031,0.0042,15.0000,STATIONNAIRE
224,11.2091,0.1804,0.0067,0.1814,0.0059,0.0067,0.0043,15.0000,STATIONNAIRE
225,11.2287,0.1804,-0.0185,0.1815,0.0049,-0.0185,0.0039,15.0000,STATIONNAIRE
226,11.2765,0.1804,0.0199,0.1816,0.0057,0.0198,0.0038,15.0000,STATIONNAIRE
227,11.3243,0.1804,-0.0161,0.1818,0.0047,-0.0161,0.0036,15.0000,STATIONNAIRE
228,11.3725,0.1804,0.0091,0.1818,0.0050,0.0091,0.0033,15.0000,STATIONNAIRE
229,11.4358,0.1804,0.0019,0.1819,0.0049,0.0019,0.0033,15.0000,STATIONNAIRE
230,11.4835,0.1804,0.0175,0.1820,0.0056,0.0175,0.0034,15.0000,STATIONNAIRE
231,11.7134,0.1804,-0.0041,0.1821,0.0052,-0.0041,0.0034,15.0000,STATIONNAIRE
232,11.7137,0.1804,-0.0017,0.1821,0.0049,-0.0017,0.0031,15.0000,STATIONNAIRE
233,11.7140,0.1804,-0.0041,0.1822,0.0045,-0.0041,0.0028,15.0000,STATIONNAIRE
234,11.7142,0.1804,0.0055,0.1822,0.0045,0.0055,0.0026,15.0000,STATIONNAIRE
235,11.7364,0.1804,0.0211,0.1822,0.0053,0.0211,0.0029,15.0000,STATIONNAIRE
236,11.7836,0.1804,-0.0005,0.1823,0.0051,-0.0005,0.0030,15.0000,STATIONNAIRE
237,11.8317,0.1804,0.0139,0.1823,0.0055,0.0139,0.0031,15.0000,STATIONNAIRE
238,11.8793,0.1804,0.0007,0.1824,0.0053,0.0007,0.0031,15.0000,STATIONNAIRE
239,11.9268,0.1804,0.0007,0.1824,0.0051,0.0007,0.0029,15.0000,STATIONNAIRE
240,11.9744,0.1804,0.0258,0.1825,0.0061,0.0258,0.0032,15.0000,STATIONNAIRE
241,12.2063,0.1804,-0.0005,0.1825,0.0059,-0.0005,0.0034,15.0000,STATIONNAIRE
242,12.2067,0.1804,0.0091,0.1826,0.0060,0.0091,0.0034,15.0000,STATIONNAIRE
243,12.2069,0.1804,-0.0113,0.1826,0.0052,-0.0113,0.0031,15.0000,STATIONNAIRE
244,12.2072,0.1804,0.0235,0.1827,0.0061,0.0234,0.0032,15.0000,STATIONNAIRE
245,12.2291,0.1804,-0.0137,0.1827,0.0051,-0.0137,0.0030,15.0000,STATIONNAIRE
246,12.2768,0.1804,-0.0017,0.1827,0.0048,-0.0017,0.0026,15.0000,STATIONNAIRE
247,12.3243,0.1806,-0.0005,0.1827,0.0045,-0.0005,0.0025,15.0000,STATIONNAIRE
248,12.3717,0.1804,0.0067,0.1827,0.0045,0.0067,0.0022,15.0000,STATIONNAIRE
249,12.4355,0.1804,0.0127,0.1826,0.0049,0.0127,0.0023,15.0000,STATIONNAIRE
250,12.4834,0.1804,0.0067,0.1826,0.0050,0.0067,0.0024,15.0000,STATIONNAIRE
251,12.7410,0.1804,0.0007,0.1826,0.0047,0.0007,0.0024,15.0000,STATIONNAIRE
252,12.7414,0.1804,-0.0125,0.1826,0.0038,-0.0125,0.0020,15.0000,STATIONNAIRE
253,12.7417,0.1804,0.0043,0.1826,0.0038,0.0043,0.0017,15.0000,STATIONNAIRE
254,12.7419,0.1804,-0.0053,0.1825,0.0032,-0.0053,0.0014,15.0000,STATIONNAIRE
255,12.7422,0.1804,0.0067,0.1824,0.0033,0.0067,0.0013,15.0000,STATIONNAIRE
256,12.7852,0.1804,0.0019,0.1824,0.0032,0.0019,0.0012,15.0000,STATIONNAIRE
257,12.8315,0.1804,0.0031,0.1823,0.0031,0.0031,0.0012,15.0000,STATIONNAIRE
258,12.8791,0.1804,-0.0029,0.1823,0.0027,-0.0029,0.0010,15.0000,STATIONNAIRE
259,12.9264,0.1804,-0.0149,0.1822,0.0018,-0.0149,0.0005,15.0000,STATIONNAIRE
260,12.9735,0.1804,0.0151,0.1821,0.0023,0.0151,0.0005,15.0000,STATIONNAIRE
261,13.2126,0.1804,-0.0232,0.1820,0.0010,-0.0232,0.0001,15.0000,STATIONNAIRE
262,13.2129,0.1804,0.0258,0.1819,0.0021,0.0257,0.0001,15.0000,STATIONNAIRE
263,13.2132,0.1804,-0.0221,0.1818,0.0008,-0.0221,-0.0000,15.0000,STATIONNAIRE
264,13.2134,0.1804,-0.0041,0.1817,0.0004,-0.0041,-0.0005,15.0000,STATIONNAIRE
265,13.2277,0.1804,0.0187,0.1816,0.0012,0.0187,-0.0003,15.0000,STATIONNAIRE
266,13.2752,0.1804,-0.0101,0.1815,0.0006,-0.0101,-0.0003,15.0000,STATIONNAIRE
267,13.3231,0.1804,0.0115,0.1814,0.0010,0.0115,-0.0003,15.0000,STATIONNAIRE
268,13.3712,0.1804,-0.0041,0.1814,0.0007,-0.0041,-0.0002,15.0000,STATIONNAIRE
269,13.4190,0.1804,0.0127,0.1813,0.0012,0.0127,-0.0001,15.0000,STATIONNAIRE
270,13.4820,0.1804,0.0019,0.1813,0.0012,0.0019,0.0001,15.0000,STATIONNAIRE
271,13.7078,0.1804,0.0031,0.1813,0.0012,0.0031,0.0002,15.0000,STATIONNAIRE
272,13.7082,0.1804,-0.0149,0.1812,0.0004,-0.0149,-0.0000,15.0000,STATIONNAIRE
273,13.7085,0.1804,0.0175,0.1812,0.0012,0.0175,0.0000,15.0000,STATIONNAIRE
274,13.7087,0.1804,0.0079,0.1811,0.0015,0.0079,0.0004,15.0000,STATIONNAIRE
275,13.7204,0.1806,-0.0244,0.1811,0.0002,-0.0244,0.0003,15.0000,STATIONNAIRE
276,13.7846,0.1804,0.0103,0.1811,0.0006,0.0103,-0.0002,15.0000,STATIONNAIRE
277,13.8330,0.1804,-0.0113,0.1810,-0.0000,-0.0113,-0.0003,15.0000,STATIONNAIRE
278,13.8811,0.1804,0.0091,0.1810,0.0004,0.0091,-0.0003,15.0000,STATIONNAIRE
279,13.9290,0.1804,0.0091,0.1809,0.0008,0.0091,-0.0000,15.0000,STATIONNAIRE
280,13.9765,0.1804,0.0043,0.1809,0.0009,0.0043,0.0002,15.0000,STATIONNAIRE
281,14.2066,0.1804,0.0127,0.1809,0.0015,0.0127,0.0005,15.0000,STATIONNAIRE
282,14.2070,0.1804,-0.0209,0.1809,0.0004,-0.0209,0.0003,15.0000,STATIONNAIRE
283,14.2072,0.1804,0.0258,0.1809,0.0016,0.0257,0.0004,15.0000,STATIONNAIRE
284,14.2074,0.1804,-0.0089,0.1809,0.0011,-0.0089,0.0006,15.0000,STATIONNAIRE
285,14.2306,0.1804,0.0007,0.1809,0.0011,0.0007,0.0005,15.0000,STATIONNAIRE
286,14.2780,0.1804,-0.0053,0.1809,0.0007,-0.0053,0.0004,15.0000,STATIONNAIRE
287,14.3258,0.1804,0.0139,0.1809,0.0014,0.0139,0.0005,15.0000,STATIONNAIRE
288,14.3737,0.1804,0.0175,0.1809,0.0022,0.0175,0.0010,15.0000,STATIONNAIRE
289,14.4216,0.1804,0.0079,0.1810,0.0025,0.0079,0.0014,15.0000,STATIONNAIRE
290,14.4695,0.1804,0.0019,0.1810,0.0025,0.0019,0.0015,15.0000,STATIONNAIRE
291,14.6990,0.1804,0.0019,0.1811,0.0025,0.0019,0.0016,15.0000,STATIONNAIRE
292,14.6994,0.1804,0.0211,0.1812,0.0035,0.0211,0.0019,15.0000,STATIONNAIRE
293,14.6996,0.1804,-0.0029,0.1812,0.0032,-0.0029,0.0021,15.0000,STATIONNAIRE
294,14.6998,0.1804,0.0139,0.1813,0.0038,0.0139,0.0023,15.0000,STATIONNAIRE
295,14.7220,0.1804,-0.0101,0.1814,0.0032,-0.0101,0.0022,15.0000,STATIONNAIRE
296,14.7700,0.1804,-0.0101,0.1814,0.0026,-0.0101,0.0018,15.0000,STATIONNAIRE
297,14.8337,0.1804,0.0067,0.1814,0.0028,0.0067,0.0017,15.0000,STATIONNAIRE
298,14.8816,0.1804,-0.0089,0.1814,0.0022,-0.0089,0.0014,15.0000,STATIONNAIRE
299,14.9288,0.1804,0.0007,0.1814,0.0021,0.0007,0.0012,15.0000,STATIONNAIRE
300,14.9768,0.1804,-0.0065,0.1814,0.0017,-0.0065,0.0010,15.0000,STATIONNAIRE
301,15.2066,0.1804,0.0211,0.1814,0.0026,0.0211,0.0011,15.0000,STATIONNAIRE
302,15.2069,0.1804,-0.0077,0.1814,0.0021,-0.0077,0.0012,15.0000,STATIONNAIRE
303,15.2072,0.1804,-0.0029,0.1814,0.0018,-0.0029,0.0009,15.0000,STATIONNAIRE
304,15.2074,0.1804,0.0019,0.1814,0.0018,0.0019,0.0008,15.0000,STATIONNAIRE
305,15.2302,0.1806,-0.0041,0.1814,0.0015,-0.0041,0.0009,15.0000,STATIONNAIRE
306,15.2780,0.1804,0.0031,0.1813,0.0015,0.0031,0.0006,15.0000,STATIONNAIRE
307,15.3262,0.1804,-0.0364,0.1813,-0.0004,-0.0364,-0.0001,15.0000,STATIONNAIRE
308,15.3741,0.1804,0.0235,0.1812,0.0007,0.0234,-0.0003,15.0000,STATIONNAIRE
309,15.4223,0.1804,0.0115,0.1812,0.0012,0.0115,0.0001,15.0000,STATIONNAIRE
310,15.4709,0.1804,-0.0065,0.1811,0.0008,-0.0065,0.0002,15.0000,STATIONNAIRE
311,15.7014,0.1804,-0.0137,0.1811,-0.0000,-0.0137,-0.0002,15.0000,STATIONNAIRE
312,15.7018,0.1804,0.0091,0.1810,0.0004,0.0091,-0.0003,15.0000,STATIONNAIRE
313,15.7020,0.1804,-0.0101,0.1810,-0.0002,-0.0101,-0.0004,15.0000,STATIONNAIRE
314,15.7023,0.1804,-0.0412,0.1808,-0.0023,-0.0412,-0.0014,15.0000,STATIONNAIRE
315,15.7241,0.1804,0.0019,0.1807,-0.0023,0.0018,-0.0020,15.0000,STATIONNAIRE
316,15.7720,0.1804,-0.0041,0.1806,-0.0025,-0.0041,-0.0021,15.0000,STATIONNAIRE
317,15.8203,0.1804,0.0019,0.1804,-0.0024,0.0019,-0.0021,15.0000,STATIONNAIRE
318,15.8671,0.1804,0.0055,0.1803,-0.0021,0.0055,-0.0020,15.0000,STATIONNAIRE
319,15.9310,0.1804,-0.0065,0.1802,-0.0024,-0.0065,-0.0020,15.0000,STATIONNAIRE
320,15.9781,0.1804,0.0007,0.1801,-0.0024,0.0007,-0.0020,15.0000,STATIONNAIRE
321,16.2362,0.1804,-0.0161,0.1800,-0.0031,-0.0161,-0.0022,15.0000,STATIONNAIRE
322,16.2366,0.1804,0.0055,0.1799,-0.0028,0.0055,-0.0022,15.0000,STATIONNAIRE
323,16.2368,0.1804,-0.0137,0.1799,-0.0034,-0.0137,-0.0023,15.0000,STATIONNAIRE
324,16.2371,0.1804,0.0199,0.1798,-0.0023,0.0199,-0.0021,15.0000,STATIONNAIRE
325,16.2373,0.1804,0.0007,0.1797,-0.0022,0.0007,-0.0017,15.0000,STATIONNAIRE
326,16.2795,0.1804,0.0103,0.1797,-0.0016,0.0103,-0.0013,15.0000,STATIONNAIRE
327,16.3262,0.1804,-0.0652,0.1796,-0.0048,-0.0651,-0.0023,15.0000,STATIONNAIRE
328,16.3735,0.1804,-0.0520,0.1794,-0.0073,-0.0520,-0.0041,15.0000,STATIONNAIRE
329,16.4206,0.1933,0.0079,0.1805,-0.0053,0.0079,0.0087,15.0000,STATIONNAIRE
330,16.4674,0.2159,0.0223,0.1840,-0.0002,0.0225,0.0324,15.0000,ÉLOIGNEMENT
331,16.7247,0.2159,0.0115,0.1872,0.0039,0.0117,0.0321,15.0000,ÉLOIGNEMENT
332,16.7251,0.1933,-0.0089,0.1880,0.0041,-0.0088,0.0081,15.0000,STATIONNAIRE
333,16.7254,0.1933,0.0031,0.1887,0.0048,0.0031,0.0081,15.0000,STATIONNAIRE
334,16.7256,0.1676,-0.0173,0.1868,0.0016,-0.0174,-0.0189,9.9069,APPROCHE
335,16.7258,0.1933,0.0103,0.1875,0.0028,0.0103,0.0085,15.0000,STATIONNAIRE
336,16.7706,0.2159,0.0223,0.1906,0.0070,0.0225,0.0323,15.0000,ÉLOIGNEMENT
337,16.8181,0.2159,0.0091,0.1935,0.0102,0.0093,0.0319,15.0000,ÉLOIGNEMENT
338,16.8655,0.1933,0.0043,0.1939,0.0104,0.0043,0.0079,15.0000,STATIONNAIRE
339,16.9132,0.1676,0.0031,0.1917,0.0076,0.0029,-0.0187,10.2518,APPROCHE
340,16.9610,0.1610,0.0175,0.1889,0.0050,0.0173,-0.0246,7.6794,APPROCHE
341,17.1989,0.1610,-0.1059,0.1862,-0.0034,-0.1059,-0.0258,7.2229,APPROCHE
342,17.1993,0.1643,-0.0065,0.1838,-0.0061,-0.0068,-0.0237,7.7630,APPROCHE
343,17.1995,0.1543,0.0235,0.1805,-0.0082,0.0233,-0.0337,5.3621,APPROCHE
344,17.1997,0.1543,0.0067,0.1775,-0.0107,0.0066,-0.0327,5.4214,APPROCHE
345,17.2150,0.1543,-0.0065,0.1746,-0.0135,-0.0066,-0.0322,5.4170,APPROCHE
346,17.2629,0.1441,0.0139,0.1709,-0.0161,0.0137,-0.0421,4.0580,APPROCHE
347,17.3269,0.1475,-0.0041,0.1678,-0.0188,-0.0042,-0.0375,4.4698,APPROCHE
348,17.3739,0.1543,-0.0041,0.1655,-0.0204,-0.0042,-0.0298,5.5627,APPROCHE
349,17.4338,0.1441,0.0067,0.1624,-0.0223,0.0066,-0.0396,4.0999,APPROCHE
350,17.4654,0.1509,-0.0221,0.1602,-0.0246,-0.0221,-0.0318,5.0414,APPROCHE
351,17.6994,0.1406,-0.0017,0.1571,-0.0267,-0.0018,-0.0419,3.7457,APPROCHE
352,17.6998,0.1475,0.0091,0.1549,-0.0272,0.0090,-0.0334,4.6446,APPROCHE
353,17.7000,0.1372,0.0007,0.1519,-0.0289,0.0006,-0.0428,3.5464,APPROCHE
354,17.7002,0.1406,-0.0101,0.1494,-0.0305,-0.0101,-0.0380,3.9325,APPROCHE
355,17.7192,0.1276,-0.0089,0.1458,-0.0332,-0.0090,-0.0505,2.8892,APPROCHE
356,17.7667,0.1303,-0.0017,0.1427,-0.0348,-0.0018,-0.0461,3.0986,APPROCHE
357,17.8146,0.1303,-0.0017,0.1399,-0.0361,-0.0018,-0.0445,3.1452,APPROCHE
358,17.8620,0.1302,0.0199,0.1373,-0.0360,0.0198,-0.0426,3.2251,APPROCHE
359,17.9257,0.1199,-0.0161,0.1339,-0.0385,-0.0162,-0.0516,2.5949,APPROCHE
360,17.9737,0.1199,-0.0041,0.1307,-0.0401,-0.0042,-0.0499,2.6210,APPROCHE
361,18.2213,0.1233,0.0079,0.1282,-0.0403,0.0079,-0.0443,2.8943,APPROCHE
362,18.2218,0.1274,-0.0005,0.1263,-0.0402,-0.0005,-0.0381,3.3190,APPROCHE
363,18.2222,0.1303,0.0043,0.1249,-0.0393,0.0043,-0.0332,3.7640,APPROCHE
364,18.2226,0.1199,-0.0041,0.1226,-0.0398,-0.0041,-0.0423,2.8997,APPROCHE
365,18.2266,0.1199,0.0139,0.1206,-0.0392,0.0139,-0.0400,3.0123,APPROCHE
366,18.2739,0.1233,0.0079,0.1191,-0.0383,0.0079,-0.0341,3.4900,APPROCHE
367,18.3220,0.1235,0.0247,0.1179,-0.0364,0.0247,-0.0314,3.7478,APPROCHE
368,18.3696,0.1233,-0.0017,0.1168,-0.0356,-0.0016,-0.0294,3.9658,APPROCHE
369,18.4179,0.1235,-0.0101,0.1159,-0.0352,-0.0100,-0.0276,4.1993,APPROCHE
370,18.4658,0.1274,-0.0053,0.1155,-0.0340,-0.0052,-0.0220,5.2487,APPROCHE
371,18.6944,0.1274,-0.0089,0.1151,-0.0329,-0.0088,-0.0206,5.5791,APPROCHE
372,18.6948,0.1303,0.0211,0.1152,-0.0300,0.0212,-0.0158,7.3000,APPROCHE
373,18.6950,0.1166,-0.0101,0.1140,-0.0302,-0.0100,-0.0285,4.0061,APPROCHE
374,18.6953,0.1164,0.0163,0.1129,-0.0290,0.0163,-0.0267,4.2340,APPROCHE
375,18.7206,0.1199,-0.0077,0.1123,-0.0284,-0.0076,-0.0212,5.2922,APPROCHE
376,18.7678,0.1199,0.0043,0.1118,-0.0272,0.0043,-0.0197,5.6667,APPROCHE
377,18.8156,0.1062,-0.0005,0.1100,-0.0277,-0.0005,-0.0325,3.3868,APPROCHE
378,18.8627,0.1233,-0.0053,0.1101,-0.0264,-0.0052,-0.0130,8.4575,APPROCHE
379,18.9262,0.1235,-0.0005,0.1103,-0.0248,-0.0004,-0.0118,9.3895,APPROCHE
380,18.9736,0.1274,-0.0137,0.1109,-0.0234,-0.0136,-0.0068,15.0000,STATIONNAIRE
381,19.2087,0.1166,0.0043,0.1105,-0.0225,0.0043,-0.0172,6.4373,APPROCHE
382,19.2091,0.1164,-0.0029,0.1101,-0.0218,-0.0028,-0.0161,6.8529,APPROCHE
383,19.2093,0.1235,-0.0077,0.1105,-0.0206,-0.0076,-0.0076,15.0000,STATIONNAIRE
384,19.2096,0.1130,-0.0005,0.1098,-0.0202,-0.0005,-0.0177,6.1907,APPROCHE
385,19.2107,0.1027,0.0127,0.1082,-0.0203,0.0126,-0.0270,4.0065,APPROCHE
386,19.2745,0.1610,0.0175,0.1127,-0.0134,0.0178,0.0356,15.0000,ÉLOIGNEMENT
387,19.3223,0.1274,-0.0065,0.1136,-0.0121,-0.0064,0.0004,15.0000,ÉLOIGNEMENT
388,19.3705,0.1164,0.0187,0.1134,-0.0108,0.0187,-0.0099,15.0000,STATIONNAIRE
389,19.4188,0.1062,0.0019,0.1121,-0.0114,0.0019,-0.0191,5.8576,APPROCHE
390,19.4667,0.1132,0.0091,0.1117,-0.0108,0.0091,-0.0105,10.6915,APPROCHE
391,19.6782,0.1027,0.0031,0.1103,-0.0115,0.0031,-0.0204,5.4202,APPROCHE
392,19.6785,0.0959,-0.0125,0.1083,-0.0137,-0.0126,-0.0266,4.0766,APPROCHE
393,19.6787,0.0993,0.0115,0.1068,-0.0141,0.0114,-0.0219,4.8767,APPROCHE
394,19.6789,0.0924,0.0151,0.1047,-0.0148,0.0150,-0.0278,3.7734,APPROCHE
395,19.7215,0.0993,0.0115,0.1035,-0.0148,0.0115,-0.0191,5.4233,APPROCHE
396,19.7691,0.0890,-0.0149,0.1013,-0.0170,-0.0150,-0.0291,3.4809,APPROCHE
397,19.8169,0.0722,0.0103,0.0976,-0.0196,0.0101,-0.0455,2.1436,APPROCHE
398,19.8653,0.0789,-0.0221,0.0948,-0.0227,-0.0222,-0.0373,2.5383,APPROCHE
399,19.9134,0.0756,0.0127,0.0918,-0.0241,0.0125,-0.0397,2.3137,APPROCHE
400,19.9611,0.0724,-0.0029,0.0887,-0.0262,-0.0030,-0.0416,2.1311,APPROCHE
401,20.1837,0.0854,0.0031,0.0872,-0.0263,0.0031,-0.0268,3.2602,APPROCHE
402,20.1840,0.0854,0.0067,0.0859,-0.0260,0.0067,-0.0256,3.3519,APPROCHE
403,20.1843,0.0854,0.0067,0.0847,-0.0256,0.0067,-0.0243,3.4791,APPROCHE
404,20.1845,0.0854,-0.0209,0.0836,-0.0264,-0.0209,-0.0235,3.5556,APPROCHE
405,20.2151,0.0854,0.0127,0.0826,-0.0254,0.0127,-0.0224,3.6831,APPROCHE
406,20.2635,0.0854,-0.0185,0.0817,-0.0259,-0.0184,-0.0214,3.8121,APPROCHE
407,20.3108,0.0756,-0.0029,0.0799,-0.0266,-0.0029,-0.0308,2.5961,APPROCHE
408,20.3591,0.0755,-0.0197,0.0783,-0.0279,-0.0197,-0.0299,2.6199,APPROCHE
409,20.4072,0.0756,0.0115,0.0767,-0.0275,0.0115,-0.0285,2.6962,APPROCHE
410,20.4555,0.0755,-0.0053,0.0754,-0.0277,-0.0053,-0.0272,2.7749,APPROCHE
411,20.6972,0.0789,0.0079,0.0745,-0.0268,0.0079,-0.0222,3.3541,APPROCHE
412,20.6976,0.0959,-0.0221,0.0755,-0.0254,-0.0219,-0.0036,15.0000,APPROCHE
413,20.6979,0.0691,0.0067,0.0737,-0.0256,0.0066,-0.0309,2.3824,APPROCHE
414,20.6981,0.0689,-0.0113,0.0720,-0.0265,-0.0113,-0.0297,2.4282,APPROCHE
415,20.7085,0.0691,0.0067,0.0705,-0.0264,0.0067,-0.0280,2.5191,APPROCHE
416,20.7562,0.0689,-0.0316,0.0692,-0.0280,-0.0316,-0.0273,2.5331,APPROCHE
417,20.8042,0.0691,0.0067,0.0679,-0.0275,0.0067,-0.0261,2.6046,APPROCHE
418,20.8515,0.0691,-0.0101,0.0668,-0.0277,-0.0101,-0.0249,2.6858,APPROCHE
419,20.8988,0.0689,0.0211,0.0658,-0.0263,0.0211,-0.0235,2.7963,APPROCHE
420,20.9462,0.0724,-0.0113,0.0653,-0.0260,-0.0112,-0.0185,3.5307,APPROCHE
421,21.1907,0.0724,0.0235,0.0649,-0.0239,0.0235,-0.0170,3.8137,APPROCHE
422,21.1911,0.0624,-0.0101,0.0635,-0.0245,-0.0101,-0.0261,2.4373,APPROCHE
423,21.1913,0.0890,0.0019,0.0650,-0.0215,0.0020,0.0030,15.0000,APPROCHE
424,21.1915,0.0924,-0.0101,0.0669,-0.0188,-0.0099,0.0070,15.0000,STATIONNAIRE
425,21.2005,0.0626,0.0175,0.0656,-0.0183,0.0174,-0.0233,2.8176,APPROCHE
426,21.2482,0.0724,0.0091,0.0655,-0.0170,0.0092,-0.0112,5.8582,APPROCHE
427,21.2964,0.0592,0.0175,0.0641,-0.0167,0.0175,-0.0234,2.7394,APPROCHE
428,21.3435,0.0691,-0.0065,0.0638,-0.0164,-0.0064,-0.0116,5.5061,APPROCHE
429,21.3912,0.0959,0.0127,0.0664,-0.0122,0.0129,0.0174,15.0000,ÉLOIGNEMENT
430,21.4388,0.0789,0.0103,0.0671,-0.0102,0.0104,0.0002,15.0000,ÉLOIGNEMENT
431,21.7175,0.0626,-0.0316,0.0662,-0.0122,-0.0316,-0.0165,4.0071,APPROCHE
432,21.7179,0.0624,-0.0005,0.0653,-0.0126,-0.0006,-0.0161,4.0509,APPROCHE
433,21.7181,0.0626,-0.0017,0.0644,-0.0129,-0.0017,-0.0150,4.2825,APPROCHE
434,21.7184,0.0624,-0.0221,0.0636,-0.0142,-0.0221,-0.0149,4.2737,APPROCHE
435,21.7186,0.0624,-0.0017,0.0628,-0.0143,-0.0017,-0.0145,4.3352,APPROCHE
436,21.7390,0.0626,0.0067,0.0622,-0.0139,0.0067,-0.0135,4.6060,APPROCHE
437,21.7796,0.0626,0.0055,0.0616,-0.0135,0.0055,-0.0126,4.8817,APPROCHE
438,21.8263,0.0624,-0.0065,0.0611,-0.0137,-0.0065,-0.0122,5.0126,APPROCHE
439,21.8730,0.0626,-0.0268,0.0606,-0.0148,-0.0268,-0.0119,5.0943,APPROCHE
440,21.9358,0.0626,-0.0173,0.0601,-0.0153,-0.0173,-0.0120,5.0214,APPROCHE
441,22.1987,0.0626,-0.0053,0.0597,-0.0152,-0.0053,-0.0117,5.0909,APPROCHE
442,22.1991,0.0626,-0.0005,0.0593,-0.0148,-0.0005,-0.0112,5.2920,APPROCHE
443,22.1993,0.0626,-0.0065,0.0590,-0.0147,-0.0065,-0.0107,5.5063,APPROCHE
444,22.1996,0.0624,-0.0029,0.0586,-0.0144,-0.0029,-0.0104,5.6249,APPROCHE
445,22.1998,0.0626,-0.0029,0.0584,-0.0140,-0.0029,-0.0097,15.0000,STATIONNAIRE
446,22.2223,0.0624,0.0067,0.0582,-0.0132,0.0067,-0.0092,15.0000,STATIONNAIRE
447,22.2700,0.0626,0.0007,0.0580,-0.0126,0.0007,-0.0082,15.0000,STATIONNAIRE
448,22.3181,0.0624,0.0127,0.0579,-0.0114,0.0127,-0.0075,15.0000,STATIONNAIRE
449,22.3659,0.0821,0.0019,0.0599,-0.0086,0.0021,0.0138,15.0000,ÉLOIGNEMENT
450,22.4135,0.0691,-0.0197,0.0604,-0.0085,-0.0196,-0.0000,15.0000,ÉLOIGNEMENT
451,22.6695,0.0724,-0.0041,0.0613,-0.0073,-0.0040,0.0035,15.0000,ÉLOIGNEMENT
452,22.6699,0.0691,-0.0041,0.0617,-0.0066,-0.0040,0.0003,15.0000,ÉLOIGNEMENT
453,22.6701,0.0593,-0.0029,0.0612,-0.0070,-0.0029,-0.0096,15.0000,STATIONNAIRE
454,22.6703,0.0854,-0.0089,0.0633,-0.0047,-0.0087,0.0179,15.0000,ÉLOIGNEMENT
455,22.6705,0.0724,-0.0017,0.0641,-0.0038,-0.0017,0.0040,15.0000,ÉLOIGNEMENT
456,22.7161,0.0755,-0.0197,0.0650,-0.0035,-0.0196,0.0071,15.0000,STATIONNAIRE
457,22.7638,0.0756,-0.0005,0.0660,-0.0023,-0.0005,0.0070,15.0000,STATIONNAIRE
458,22.8117,0.0624,-0.0017,0.0655,-0.0028,-0.0017,-0.0067,15.0000,STATIONNAIRE
459,22.8593,0.0592,-0.0005,0.0647,-0.0035,-0.0005,-0.0096,15.0000,STATIONNAIRE
460,22.9076,0.0561,-0.0041,0.0637,-0.0046,-0.0041,-0.0125,5.1049,APPROCHE
461,23.1688,0.0331,-0.0256,0.0603,-0.0093,-0.0258,-0.0365,1.6531,APPROCHE
462,23.1693,0.0396,-0.0975,0.0577,-0.0164,-0.0975,-0.0309,1.8674,APPROCHE
463,23.1695,0.0396,-0.0125,0.0551,-0.0189,-0.0127,-0.0319,1.7259,APPROCHE
464,23.1698,0.0396,-0.0268,0.0526,-0.0218,-0.0269,-0.0320,1.6417,APPROCHE
465,23.1700,0.0429,-0.0041,0.0506,-0.0230,-0.0042,-0.0284,1.7808,APPROCHE
466,23.2090,0.0331,0.0091,0.0478,-0.0244,0.0090,-0.0379,1.2626,COLLISION RISK
467,23.2567,0.0463,0.0067,0.0466,-0.0240,0.0067,-0.0228,2.0424,COLLISION RISK
468,23.3040,0.0364,-0.0089,0.0444,-0.0255,-0.0089,-0.0324,1.3712,COLLISION RISK
469,23.3516,0.0364,0.0019,0.0425,-0.0261,0.0018,-0.0313,1.3553,COLLISION RISK
470,23.3989,0.0364,-0.0041,0.0407,-0.0269,-0.0041,-0.0302,1.3463,COLLISION RISK
471,23.6623,0.0461,-0.0185,0.0400,-0.0270,-0.0184,-0.0193,2.0704,COLLISION RISK
472,23.6627,0.0364,0.0187,0.0384,-0.0264,0.0186,-0.0284,1.3538,COLLISION RISK
473,23.6630,0.0494,0.0019,0.0384,-0.0249,0.0020,-0.0133,2.8915,COLLISION RISK
474,23.6633,0.0331,0.0103,0.0367,-0.0248,0.0103,-0.0291,1.2635,COLLISION RISK
475,23.6635,0.0298,0.0079,0.0349,-0.0251,0.0079,-0.0307,1.1358,COLLISION RISK
476,23.7011,0.0461,0.0139,0.0350,-0.0230,0.0140,-0.0119,2.9340,COLLISION RISK
477,23.7485,0.0461,-0.0005,0.0351,-0.0217,-0.0004,-0.0108,3.2596,COLLISION RISK
478,23.7969,0.0429,-0.0053,0.0349,-0.0210,-0.0052,-0.0132,2.6448,COLLISION RISK
479,23.8450,0.0559,0.0007,0.0361,-0.0185,0.0008,0.0013,15.0000,COLLISION RISK
480,23.8928,0.0430,0.0055,0.0360,-0.0173,0.0055,-0.0113,3.1823,COLLISION RISK
481,24.1360,0.0331,0.0055,0.0349,-0.0173,0.0055,-0.0204,1.7147,COLLISION RISK
482,24.1364,0.0561,0.0043,0.0363,-0.0146,0.0044,0.0050,15.0000,COLLISION RISK
483,24.1367,0.0429,0.0019,0.0363,-0.0137,0.0019,-0.0081,15.0000,COLLISION RISK
484,24.1369,0.0233,-0.0101,0.0344,-0.0156,-0.0102,-0.0278,1.2363,COLLISION RISK
485,24.1468,0.0429,-0.0089,0.0345,-0.0150,-0.0088,-0.0063,15.0000,COLLISION RISK
486,24.1943,0.0233,0.0223,0.0327,-0.0151,0.0222,-0.0258,1.2671,COLLISION RISK
487,24.2419,0.0396,0.0043,0.0328,-0.0140,0.0044,-0.0073,15.0000,COLLISION RISK
488,24.2894,0.0396,0.0067,0.0328,-0.0128,0.0067,-0.0065,15.0000,COLLISION RISK
489,24.3371,0.0331,-0.0137,0.0323,-0.0134,-0.0137,-0.0127,2.5343,COLLISION RISK
490,24.3847,0.0298,-0.0017,0.0314,-0.0137,-0.0017,-0.0156,2.0149,COLLISION RISK
491,24.6362,0.0266,0.0187,0.0303,-0.0132,0.0186,-0.0178,1.7069,COLLISION RISK
492,24.6366,0.0266,-0.0041,0.0294,-0.0138,-0.0041,-0.0167,1.7577,COLLISION RISK
493,24.6369,0.0266,-0.0197,0.0284,-0.0150,-0.0197,-0.0163,1.7447,COLLISION RISK
494,24.6372,0.0364,0.0055,0.0286,-0.0137,0.0055,-0.0055,15.0000,COLLISION RISK
495,24.6391,0.0266,-0.0185,0.0277,-0.0148,-0.0185,-0.0155,1.7854,COLLISION RISK
496,24.6866,0.0364,0.0163,0.0280,-0.0130,0.0163,-0.0045,15.0000,COLLISION RISK
497,24.7339,0.0331,-0.0041,0.0279,-0.0125,-0.0040,-0.0074,15.0000,COLLISION RISK
498,24.7817,0.0266,-0.0101,0.0272,-0.0131,-0.0101,-0.0138,1.9766,COLLISION RISK
499,24.8299,0.0233,-0.0628,0.0261,-0.0166,-0.0628,-0.0178,1.4726,COLLISION RISK
500,24.8772,0.0233,0.0330,0.0252,-0.0152,0.0329,-0.0173,1.4548,COLLISION RISK
501,25.1536,0.0396,0.0007,0.0259,-0.0135,0.0008,0.0009,15.0000,COLLISION RISK
502,25.1540,0.0331,-0.0221,0.0261,-0.0137,-0.0220,-0.0060,15.0000,COLLISION RISK
503,25.1542,0.0298,0.0414,0.0259,-0.0111,0.0413,-0.0084,15.0000,COLLISION RISK
504,25.1545,0.0461,-0.0017,0.0274,-0.0089,-0.0015,0.0097,15.0000,COLLISION RISK
505,25.1547,0.0298,-0.0209,0.0273,-0.0097,-0.0209,-0.0074,15.0000,COLLISION RISK
506,25.1755,0.0233,0.0019,0.0264,-0.0100,0.0019,-0.0138,1.9157,COLLISION RISK
507,25.2229,0.0298,0.0211,0.0263,-0.0085,0.0211,-0.0058,15.0000,COLLISION RISK
508,25.2703,0.0396,0.0043,0.0273,-0.0067,0.0044,0.0053,15.0000,COLLISION RISK
509,25.3182,0.0266,-0.0173,0.0269,-0.0076,-0.0173,-0.0083,15.0000,COLLISION RISK
510,25.3813,0.0854,-0.0137,0.0326,-0.0018,-0.0133,0.0530,15.0000,COLLISION RISK
511,25.6499,0.0331,0.0235,0.0326,-0.0006,0.0235,-0.0024,15.0000,COLLISION RISK
512,25.6503,0.0331,-0.0197,0.0326,-0.0015,-0.0196,-0.0018,15.0000,COLLISION RISK
513,25.6505,0.0364,0.0127,0.0329,-0.0004,0.0127,0.0020,15.0000,COLLISION RISK
514,25.6507,0.0429,-0.0101,0.0339,0.0002,-0.0100,0.0090,15.0000,COLLISION RISK
515,25.6509,0.0461,0.0091,0.0352,0.0020,0.0092,0.0123,15.0000,COLLISION RISK
516,25.6627,0.0593,-0.0041,0.0377,0.0044,-0.0039,0.0259,15.0000,COLLISION RISK
517,25.7259,0.0657,0.0043,0.0408,0.0077,0.0045,0.0321,15.0000,COLLISION RISK
518,25.7723,0.0527,0.0103,0.0424,0.0095,0.0104,0.0182,15.0000,COLLISION RISK
519,25.8191,0.0429,-0.0113,0.0428,0.0089,-0.0113,0.0077,15.0000,COLLISION RISK
520,25.8658,0.0528,-0.0077,0.0442,0.0096,-0.0076,0.0177,15.0000,COLLISION RISK
521,26.0975,0.0756,0.0103,0.0479,0.0135,0.0105,0.0411,15.0000,COLLISION RISK
522,26.0979,0.0659,-0.0268,0.0503,0.0141,-0.0266,0.0295,15.0000,ÉLOIGNEMENT
523,26.0982,0.0657,0.0091,0.0525,0.0162,0.0091,0.0283,15.0000,ÉLOIGNEMENT
524,26.0985,0.0756,-0.0041,0.0556,0.0184,-0.0039,0.0379,15.0000,ÉLOIGNEMENT
525,26.1184,0.1199,0.0151,0.0630,0.0262,0.0155,0.0831,15.0000,ÉLOIGNEMENT
526,26.1667,0.0821,-0.0101,0.0662,0.0277,-0.0100,0.0415,15.0000,ÉLOIGNEMENT
527,26.2146,0.0724,0.0749,0.0681,0.0319,0.0748,0.0317,15.0000,ÉLOIGNEMENT
528,26.2618,0.0691,-0.0316,0.0696,0.0303,-0.0315,0.0279,15.0000,ÉLOIGNEMENT
529,26.3093,0.0691,0.0127,0.0709,0.0307,0.0126,0.0269,15.0000,ÉLOIGNEMENT
530,26.3572,0.0724,-0.0017,0.0725,0.0306,-0.0017,0.0294,15.0000,ÉLOIGNEMENT
531,26.6423,0.0626,0.0199,0.0729,0.0303,0.0198,0.0183,15.0000,ÉLOIGNEMENT
532,26.6428,0.0755,0.0031,0.0745,0.0306,0.0031,0.0311,15.0000,ÉLOIGNEMENT
533,26.6430,0.0959,0.0079,0.0781,0.0332,0.0080,0.0510,15.0000,ÉLOIGNEMENT
534,26.6433,0.0924,-0.0161,0.0810,0.0338,-0.0160,0.0452,15.0000,ÉLOIGNEMENT
535,26.6435,0.0924,0.0354,0.0837,0.0366,0.0354,0.0438,15.0000,ÉLOIGNEMENT
536,26.6586,0.0890,-0.0029,0.0859,0.0369,-0.0028,0.0389,15.0000,ÉLOIGNEMENT
537,26.7057,0.0993,-0.0137,0.0889,0.0375,-0.0136,0.0477,15.0000,ÉLOIGNEMENT
538,26.7529,0.0890,0.0163,0.0906,0.0381,0.0163,0.0351,15.0000,ÉLOIGNEMENT
539,26.8001,0.0890,-0.0197,0.0921,0.0367,-0.0197,0.0333,15.0000,ÉLOIGNEMENT
540,26.8473,0.1063,-0.0029,0.0952,0.0379,-0.0028,0.0493,15.0000,ÉLOIGNEMENT
541,27.1052,0.0924,-0.0089,0.0966,0.0370,-0.0089,0.0324,15.0000,ÉLOIGNEMENT
542,27.1056,0.1062,0.0079,0.0993,0.0382,0.0079,0.0451,15.0000,ÉLOIGNEMENT
543,27.1058,0.0924,-0.0125,0.1003,0.0366,-0.0125,0.0285,15.0000,ÉLOIGNEMENT
544,27.1060,0.0924,0.0079,0.1011,0.0359,0.0078,0.0268,15.0000,ÉLOIGNEMENT
545,27.1063,0.0924,-0.0256,0.1018,0.0335,-0.0256,0.0248,15.0000,ÉLOIGNEMENT
546,27.1490,0.0924,0.0043,0.1024,0.0325,0.0042,0.0228,15.0000,ÉLOIGNEMENT
547,27.1963,0.0924,-0.0005,0.1028,0.0312,-0.0006,0.0212,15.0000,ÉLOIGNEMENT
548,27.2439,0.0924,0.0055,0.1031,0.0301,0.0054,0.0197,15.0000,ÉLOIGNEMENT
549,27.3073,0.0924,0.0187,0.1034,0.0297,0.0186,0.0186,15.0000,ÉLOIGNEMENT
550,27.3546,0.0924,-0.0089,0.1036,0.0279,-0.0089,0.0172,15.0000,ÉLOIGNEMENT
551,27.6118,0.0924,0.0091,0.1037,0.0269,0.0090,0.0159,15.0000,ÉLOIGNEMENT
552,27.6121,0.0924,0.0043,0.1038,0.0258,0.0042,0.0147,15.0000,ÉLOIGNEMENT
553,27.6123,0.0924,0.0031,0.1038,0.0245,0.0030,0.0136,15.0000,ÉLOIGNEMENT
554,27.6126,0.0924,0.0091,0.1037,0.0236,0.0090,0.0125,15.0000,ÉLOIGNEMENT
555,27.6128,0.0924,0.0115,0.1036,0.0228,0.0114,0.0117,15.0000,ÉLOIGNEMENT
556,27.6550,0.0924,0.0103,0.1035,0.0219,0.0102,0.0109,15.0000,ÉLOIGNEMENT
557,27.7026,0.0924,-0.0017,0.1034,0.0205,-0.0018,0.0100,15.0000,STATIONNAIRE
558,27.7504,0.0924,0.0127,0.1032,0.0198,0.0126,0.0091,15.0000,STATIONNAIRE
559,27.7982,0.0924,-0.0065,0.1029,0.0182,-0.0065,0.0082,15.0000,STATIONNAIRE
560,27.8460,0.1164,-0.0113,0.1051,0.0190,-0.0112,0.0320,15.0000,ÉLOIGNEMENT
561,28.1096,0.1130,0.0079,0.1068,0.0201,0.0079,0.0268,15.0000,ÉLOIGNEMENT
562,28.1101,0.1933,-0.0053,0.1165,0.0293,-0.0048,0.1090,15.0000,ÉLOIGNEMENT
563,28.1104,0.1804,-0.0029,0.1244,0.0361,-0.0025,0.0920,15.0000,ÉLOIGNEMENT
564,28.1107,0.1804,-0.0089,0.1317,0.0416,-0.0086,0.0891,15.0000,ÉLOIGNEMENT
565,28.1109,0.1804,-0.0017,0.1386,0.0467,-0.0014,0.0864,15.0000,ÉLOIGNEMENT
566,28.1457,0.1804,-0.0077,0.1450,0.0507,-0.0075,0.0839,15.0000,ÉLOIGNEMENT
567,28.2098,0.1804,-0.0029,0.1509,0.0542,-0.0027,0.0812,15.0000,ÉLOIGNEMENT
568,28.2569,0.1804,-0.0017,0.1563,0.0570,-0.0015,0.0787,15.0000,ÉLOIGNEMENT
569,28.3049,0.1804,-0.0053,0.1613,0.0591,-0.0052,0.0760,15.0000,ÉLOIGNEMENT
570,28.3525,0.1804,0.0031,0.1659,0.0611,0.0032,0.0733,15.0000,ÉLOIGNEMENT
571,28.6301,0.1804,-0.0065,0.1702,0.0620,-0.0064,0.0705,15.0000,ÉLOIGNEMENT
572,28.6305,0.1804,-0.0005,0.1740,0.0628,-0.0005,0.0676,15.0000,ÉLOIGNEMENT
573,28.6308,0.1804,-0.0053,0.1775,0.0629,-0.0053,0.0646,15.0000,ÉLOIGNEMENT
574,28.6310,0.1804,0.0067,0.1806,0.0632,0.0067,0.0617,15.0000,ÉLOIGNEMENT
575,28.6313,0.1804,-0.0209,0.1834,0.0618,-0.0209,0.0585,15.0000,ÉLOIGNEMENT
576,28.6539,0.1804,-0.0125,0.1858,0.0605,-0.0125,0.0550,15.0000,ÉLOIGNEMENT
577,28.7016,0.1804,0.0163,0.1880,0.0604,0.0162,0.0521,15.0000,ÉLOIGNEMENT
578,28.7496,0.1804,-0.0125,0.1899,0.0586,-0.0125,0.0492,15.0000,ÉLOIGNEMENT
579,28.7973,0.1804,0.0115,0.1916,0.0578,0.0114,0.0464,15.0000,ÉLOIGNEMENT
580,28.8447,0.1804,-0.0232,0.1930,0.0550,-0.0232,0.0432,15.0000,ÉLOIGNEMENT
581,29.1118,0.1804,0.0007,0.1942,0.0534,0.0006,0.0401,15.0000,ÉLOIGNEMENT
582,29.1122,0.1804,-0.0017,0.1952,0.0515,-0.0018,0.0374,15.0000,ÉLOIGNEMENT
583,29.1125,0.1804,0.0127,0.1960,0.0502,0.0126,0.0349,15.0000,ÉLOIGNEMENT
584,29.1128,0.1804,0.0091,0.1967,0.0486,0.0090,0.0327,15.0000,ÉLOIGNEMENT
585,29.1131,0.1804,-0.0197,0.1971,0.0456,-0.0198,0.0301,15.0000,ÉLOIGNEMENT
586,29.1447,0.1804,-0.0101,0.1975,0.0430,-0.0102,0.0272,15.0000,ÉLOIGNEMENT
587,29.2082,0.1804,-0.0125,0.1976,0.0402,-0.0126,0.0245,15.0000,ÉLOIGNEMENT
588,29.2559,0.1804,-0.0005,0.1977,0.0381,-0.0006,0.0221,15.0000,ÉLOIGNEMENT
589,29.3035,0.1804,-0.0185,0.1976,0.0350,-0.0186,0.0196,15.0000,ÉLOIGNEMENT
590,29.3516,0.1804,-0.0017,0.1974,0.0329,-0.0018,0.0173,15.0000,ÉLOIGNEMENT
591,29.6164,0.1806,-0.0185,0.1971,0.0299,-0.0186,0.0153,15.0000,ÉLOIGNEMENT
592,29.6168,0.1804,-0.0041,0.1968,0.0277,-0.0042,0.0130,15.0000,ÉLOIGNEMENT
593,29.6171,0.1804,-0.0029,0.1963,0.0256,-0.0030,0.0112,15.0000,ÉLOIGNEMENT
594,29.6173,0.1804,-0.0328,0.1958,0.0220,-0.0329,0.0090,15.0000,STATIONNAIRE
595,29.6176,0.1804,0.0175,0.1952,0.0211,0.0173,0.0074,15.0000,STATIONNAIRE
596,29.6522,0.1804,-0.0077,0.1947,0.0189,-0.0078,0.0062,15.0000,STATIONNAIRE
597,29.6997,0.1804,-0.0053,0.1940,0.0170,-0.0054,0.0048,15.0000,STATIONNAIRE
598,29.7465,0.1804,0.0139,0.1934,0.0161,0.0138,0.0039,15.0000,STATIONNAIRE
599,29.8090,0.1806,-0.0053,0.1928,0.0143,-0.0054,0.0032,15.0000,STATIONNAIRE
600,29.8563,0.1804,-0.0077,0.1922,0.0125,-0.0078,0.0019,15.0000,STATIONNAIRE
601,30.1231,0.1804,-0.0197,0.1915,0.0101,-0.0198,0.0007,15.0000,STATIONNAIRE
602,30.1236,0.1804,-0.0137,0.1908,0.0082,-0.0138,-0.0006,15.0000,STATIONNAIRE
603,30.1239,0.1804,-0.0041,0.1901,0.0068,-0.0042,-0.0016,15.0000,STATIONNAIRE
604,30.1241,0.1804,0.0055,0.1894,0.0059,0.0054,-0.0021,15.0000,STATIONNAIRE
605,30.1244,0.1804,0.0019,0.1888,0.0050,0.0018,-0.0025,15.0000,STATIONNAIRE
606,30.1579,0.1804,0.0055,0.1881,0.0043,0.0054,-0.0028,15.0000,STATIONNAIRE
607,30.2054,0.1804,0.0067,0.1876,0.0038,0.0066,-0.0029,15.0000,STATIONNAIRE
608,30.2530,0.1804,0.0007,0.1870,0.0030,0.0007,-0.0031,15.0000,STATIONNAIRE
609,30.3005,0.1804,0.0115,0.1865,0.0028,0.0114,-0.0031,15.0000,STATIONNAIRE
610,30.3480,0.1804,0.0031,0.1860,0.0023,0.0031,-0.0030,15.0000,STATIONNAIRE
611,30.6015,0.1804,0.0199,0.1855,0.0026,0.0198,-0.0027,15.0000,STATIONNAIRE
612,30.6019,0.1804,0.0175,0.1851,0.0029,0.0175,-0.0022,15.0000,STATIONNAIRE
613,30.6022,0.1804,0.0115,0.1848,0.0030,0.0115,-0.0018,15.0000,STATIONNAIRE
614,30.6024,0.1804,0.0043,0.1845,0.0027,0.0043,-0.0016,15.0000,STATIONNAIRE
615,30.6038,0.1804,-0.0125,0.1842,0.0016,-0.0125,-0.0018,15.0000,STATIONNAIRE
616,30.6517,0.1804,0.0282,0.1839,0.0026,0.0281,-0.0015,15.0000,STATIONNAIRE
617,30.6992,0.1804,-0.0101,0.1836,0.0017,-0.0101,-0.0014,15.0000,STATIONNAIRE
618,30.7470,0.1804,0.0127,0.1834,0.0019,0.0127,-0.0013,15.0000,STATIONNAIRE
619,30.7945,0.1804,-0.0221,0.1832,0.0005,-0.0221,-0.0016,15.0000,STATIONNAIRE
620,30.8418,0.1804,0.0019,0.1829,0.0003,0.0019,-0.0019,15.0000,STATIONNAIRE
621,31.1070,0.1804,0.0079,0.1827,0.0004,0.0079,-0.0018,15.0000,STATIONNAIRE
622,31.1073,0.1804,0.0079,0.1825,0.0005,0.0079,-0.0016,15.0000,STATIONNAIRE
623,31.1076,0.1804,0.0079,0.1823,0.0007,0.0079,-0.0014,15.0000,STATIONNAIRE
624,31.1078,0.1804,-0.0161,0.1821,-0.0003,-0.0161,-0.0016,15.0000,STATIONNAIRE
625,31.1080,0.1804,0.0007,0.1819,-0.0005,0.0007,-0.0018,15.0000,STATIONNAIRE
626,31.1438,0.1804,-0.0185,0.1817,-0.0016,-0.0185,-0.0021,15.0000,STATIONNAIRE
627,31.2062,0.1804,-0.0077,0.1815,-0.0021,-0.0077,-0.0026,15.0000,STATIONNAIRE
628,31.2528,0.1804,0.0091,0.1813,-0.0017,0.0091,-0.0025,15.0000,STATIONNAIRE
629,31.3002,0.1804,0.0079,0.1811,-0.0014,0.0079,-0.0022,15.0000,STATIONNAIRE
630,31.3471,0.1804,-0.0005,0.1810,-0.0015,-0.0005,-0.0021,15.0000,STATIONNAIRE
631,31.6127,0.1804,-0.0316,0.1808,-0.0032,-0.0316,-0.0026,15.0000,STATIONNAIRE
632,31.6130,0.1804,-0.0053,0.1806,-0.0035,-0.0053,-0.0031,15.0000,STATIONNAIRE
633,31.6133,0.1804,-0.0137,0.1804,-0.0041,-0.0137,-0.0034,15.0000,STATIONNAIRE
634,31.6135,0.1804,-0.0053,0.1803,-0.0044,-0.0053,-0.0036,15.0000,STATIONNAIRE
635,31.6137,0.1804,-0.0017,0.1801,-0.0044,-0.0017,-0.0037,15.0000,STATIONNAIRE
636,31.6477,0.1804,-0.0005,0.1799,-0.0044,-0.0005,-0.0036,15.0000,STATIONNAIRE
637,31.6948,0.1804,0.0007,0.1798,-0.0043,0.0007,-0.0035,15.0000,STATIONNAIRE
638,31.7429,0.1804,-0.0197,0.1796,-0.0052,-0.0197,-0.0037,15.0000,STATIONNAIRE
639,31.8067,0.1804,0.0079,0.1795,-0.0047,0.0079,-0.0036,15.0000,STATIONNAIRE
640,31.8542,0.1804,-0.0256,0.1793,-0.0058,-0.0256,-0.0039,15.0000,STATIONNAIRE
641,32.1033,0.1804,0.0187,0.1792,-0.0047,0.0187,-0.0037,15.0000,STATIONNAIRE
642,32.1037,0.1804,-0.0209,0.1791,-0.0056,-0.0208,-0.0037,15.0000,STATIONNAIRE
643,32.1040,0.1804,-0.0041,0.1790,-0.0056,-0.0041,-0.0038,15.0000,STATIONNAIRE
644,32.1043,0.1804,0.0031,0.1789,-0.0053,0.0031,-0.0036,15.0000,STATIONNAIRE
645,32.1045,0.1806,0.0163,0.1788,-0.0043,0.0163,-0.0029,15.0000,STATIONNAIRE
646,32.1558,0.1804,-0.0161,0.1788,-0.0049,-0.0160,-0.0029,15.0000,STATIONNAIRE
647,32.2037,0.1804,-0.0005,0.1787,-0.0047,-0.0005,-0.0029,15.0000,STATIONNAIRE
648,32.2508,0.1804,0.0031,0.1787,-0.0043,0.0031,-0.0027,15.0000,STATIONNAIRE
649,32.2982,0.1804,-0.0113,0.1787,-0.0047,-0.0113,-0.0026,15.0000,STATIONNAIRE
650,32.3458,0.1804,-0.0041,0.1786,-0.0047,-0.0041,-0.0027,15.0000,STATIONNAIRE
651,32.6008,0.1804,-0.0101,0.1786,-0.0049,-0.0101,-0.0028,15.0000,STATIONNAIRE
652,32.6012,0.1804,-0.0065,0.1785,-0.0050,-0.0065,-0.0028,15.0000,STATIONNAIRE
653,32.6015,0.1804,-0.0017,0.1785,-0.0049,-0.0017,-0.0028,15.0000,STATIONNAIRE
654,32.6017,0.1804,-0.0149,0.1785,-0.0054,-0.0149,-0.0029,15.0000,STATIONNAIRE
655,32.6020,0.1804,0.0103,0.1784,-0.0046,0.0103,-0.0028,15.0000,STATIONNAIRE
656,32.6464,0.1804,0.0007,0.1784,-0.0043,0.0007,-0.0024,15.0000,STATIONNAIRE
657,32.6941,0.1804,0.0091,0.1784,-0.0037,0.0091,-0.0020,15.0000,STATIONNAIRE
658,32.7417,0.1804,0.0127,0.1785,-0.0028,0.0127,-0.0015,15.0000,STATIONNAIRE
659,32.8054,0.1804,0.0007,0.1786,-0.0025,0.0007,-0.0010,15.0000,STATIONNAIRE
660,32.8525,0.1806,-0.0053,0.1787,-0.0025,-0.0053,-0.0007,15.0000,STATIONNAIRE
661,33.1020,0.1804,0.0043,0.1787,-0.0021,0.0043,-0.0007,15.0000,STATIONNAIRE
662,33.1024,0.1804,0.0163,0.1788,-0.0011,0.0163,-0.0002,15.0000,STATIONNAIRE
663,33.1026,0.1804,-0.0173,0.1789,-0.0018,-0.0172,-0.0002,15.0000,STATIONNAIRE
664,33.1028,0.1804,0.0258,0.1790,-0.0003,0.0258,0.0002,15.0000,STATIONNAIRE
665,33.1030,0.1804,-0.0041,0.1791,-0.0004,-0.0041,0.0006,15.0000,STATIONNAIRE
666,33.1391,0.1804,0.0031,0.1792,-0.0001,0.0031,0.0007,15.0000,STATIONNAIRE
667,33.2029,0.0756,-0.0113,0.1686,-0.0121,-0.0119,-0.1084,1.5555,APPROCHE
668,33.2507,0.0461,-0.0053,0.1555,-0.0258,-0.0061,-0.1363,1.1412,APPROCHE
669,33.2989,0.0331,-0.2580,0.1415,-0.0521,-0.2584,-0.1514,0.9349,COLLISION RISK
670,33.3469,0.0364,0.0426,0.1285,-0.0613,0.0416,-0.1478,0.8692,COLLISION RISK
671,33.6285,0.0331,-0.0292,0.1159,-0.0730,-0.0297,-0.1486,0.7805,COLLISION RISK
672,33.6289,0.0494,0.0258,0.1059,-0.0786,0.0253,-0.1285,0.8239,COLLISION RISK
673,33.6292,0.0461,0.0151,0.0963,-0.0841,0.0148,-0.1285,0.7491,COLLISION RISK
674,33.6294,0.0364,0.0043,0.0864,-0.0900,0.0040,-0.1350,0.6399,COLLISION RISK
675,33.6296,0.0364,-0.0005,0.0772,-0.0950,-0.0008,-0.1310,0.5893,COLLISION RISK
676,33.6327,0.0364,-0.0101,0.0687,-0.0995,-0.0103,-0.1271,0.5409,COLLISION RISK
677,33.6801,0.0364,-0.0232,0.0609,-0.1037,-0.0234,-0.1234,0.4939,COLLISION RISK
678,33.7271,0.0364,0.0079,0.0538,-0.1055,0.0077,-0.1191,0.4514,COLLISION RISK
679,33.7905,0.0364,-0.0101,0.0473,-0.1073,-0.0102,-0.1146,0.4123,COLLISION RISK
680,33.8384,0.0364,-0.0029,0.0413,-0.1081,-0.0029,-0.1101,0.3754,COLLISION RISK
681,34.1249,0.0266,0.0043,0.0350,-0.1089,0.0042,-0.1154,0.3031,COLLISION RISK
682,34.1253,0.0364,-0.0161,0.0302,-0.1089,-0.0160,-0.1002,0.3015,COLLISION RISK
683,34.1256,0.0364,0.0007,0.0260,-0.1076,0.0008,-0.0955,0.2718,COLLISION RISK
684,34.1258,0.0266,-0.0077,0.0212,-0.1073,-0.0077,-0.1009,0.2100,COLLISION RISK
685,34.1261,0.0266,-0.0029,0.0169,-0.1063,-0.0028,-0.0958,0.1766,COLLISION RISK
686,34.1264,0.0266,-0.0005,0.0131,-0.1046,-0.0004,-0.0907,0.1449,COLLISION RISK
687,34.1723,0.0266,0.0055,0.0098,-0.1023,0.0056,-0.0855,0.1150,COLLISION RISK
688,34.2362,0.0266,-0.0029,0.0070,-0.1000,-0.0028,-0.0805,0.0864,COLLISION RISK
689,34.2838,0.0266,0.0079,0.0045,-0.0969,0.0080,-0.0754,0.0595,COLLISION RISK
690,34.3318,0.0266,0.0055,0.0024,-0.0937,0.0057,-0.0703,0.0342,COLLISION RISK
691,34.6007,0.0266,0.0139,0.0007,-0.0898,0.0141,-0.0653,0.0107,COLLISION RISK
692,34.6011,0.0266,-0.0065,-0.0007,-0.0867,-0.0063,-0.0606,-0.0114,COLLISION RISK
693,34.6014,0.0266,-0.0185,-0.0018,-0.0842,-0.0183,-0.0565,-0.0320,COLLISION RISK
694,34.6016,0.0266,0.0019,-0.0027,-0.0805,0.0021,-0.0525,-0.0510,COLLISION RISK
695,34.6018,0.0266,-0.0089,-0.0033,-0.0772,-0.0087,-0.0485,-0.0681,COLLISION RISK
696,34.6347,0.0266,0.0055,-0.0037,-0.0732,0.0057,-0.0445,-0.0830,COLLISION RISK
697,34.6822,0.0266,0.0031,-0.0039,-0.0693,0.0033,-0.0406,-0.0956,COLLISION RISK
698,34.7297,0.0266,0.0282,-0.0038,-0.0641,0.0284,-0.0364,-0.1056,COLLISION RISK
699,34.7772,0.0266,-0.0125,-0.0036,-0.0611,-0.0122,-0.0327,-0.1106,COLLISION RISK
700,34.8253,0.0266,0.0019,-0.0033,-0.0573,0.0021,-0.0295,-0.1106,COLLISION RISK
701,35.0906,0.0266,0.0067,-0.0028,-0.0533,0.0069,-0.0262,-0.1057,COLLISION RISK
702,35.0910,0.0266,-0.0065,-0.0022,-0.0501,-0.0063,-0.0232,-0.0930,COLLISION RISK
703,35.0913,0.0266,0.0043,-0.0015,-0.0464,0.0045,-0.0205,-0.0713,COLLISION RISK
704,35.0916,0.0266,-0.0268,-0.0007,-0.0444,-0.0266,-0.0183,-0.0384,COLLISION RISK
705,35.0918,0.0266,0.0318,0.0001,-0.0396,0.0319,-0.0157,0.0086,COLLISION RISK
706,35.1276,0.0266,-0.0017,0.0011,-0.0365,-0.0015,-0.0130,0.0819,COLLISION RISK
707,35.1751,0.0266,-0.0041,0.0020,-0.0337,-0.0039,-0.0110,0.1856,COLLISION RISK
708,35.2230,0.0266,-0.0244,0.0030,-0.0320,-0.0242,-0.0095,15.0000,COLLISION RISK
709,35.2862,0.0266,0.0043,0.0040,-0.0290,0.0044,-0.0080,15.0000,COLLISION RISK
710,35.3340,0.0266,0.0247,0.0050,-0.0251,0.0248,-0.0059,15.0000,COLLISION RISK
711,35.6157,0.0266,0.0247,0.0061,-0.0214,0.0248,-0.0035,15.0000,COLLISION RISK
712,35.6161,0.0266,0.0019,0.0073,-0.0189,0.0021,-0.0017,15.0000,COLLISION RISK
713,35.6163,0.0266,-0.0065,0.0084,-0.0170,-0.0064,-0.0005,15.0000,COLLISION RISK
714,35.6165,0.0266,-0.0017,0.0095,-0.0150,-0.0016,0.0006,15.0000,COLLISION RISK
715,35.6167,0.0266,-0.0005,0.0106,-0.0130,-0.0004,0.0015,15.0000,COLLISION RISK
716,35.6351,0.0266,-0.0113,0.0116,-0.0117,-0.0112,0.0022,15.0000,COLLISION RISK
717,35.6827,0.0266,0.0103,0.0126,-0.0095,0.0104,0.0030,15.0000,COLLISION RISK
718,35.7306,0.0266,-0.0101,0.0136,-0.0084,-0.0100,0.0036,15.0000,COLLISION RISK
719,35.7784,0.0266,-0.0053,0.0146,-0.0072,-0.0052,0.0040,15.0000,COLLISION RISK
720,35.8261,0.0266,-0.0137,0.0155,-0.0065,-0.0136,0.0041,15.0000,COLLISION RISK
721,36.0918,0.0266,0.0055,0.0163,-0.0050,0.0055,0.0044,15.0000,COLLISION RISK
722,36.0922,0.0266,0.0031,0.0172,-0.0036,0.0032,0.0049,15.0000,COLLISION RISK
723,36.0925,0.0364,0.0055,0.0190,-0.0012,0.0056,0.0155,15.0000,COLLISION RISK
724,36.0928,0.0364,-0.0185,0.0207,-0.0002,-0.0184,0.0152,15.0000,COLLISION RISK
725,36.0930,0.0626,0.0055,0.0250,0.0047,0.0057,0.0423,15.0000,COLLISION RISK
726,36.1274,0.1804,-0.0089,0.0411,0.0214,-0.0079,0.1639,15.0000,COLLISION RISK
727,36.1748,0.1804,0.0091,0.0563,0.0371,0.0099,0.1599,15.0000,ÉLOIGNEMENT
728,36.2214,0.1804,0.0079,0.0707,0.0510,0.0087,0.1567,15.0000,ÉLOIGNEMENT
729,36.2687,0.1804,0.0007,0.0842,0.0629,0.0014,0.1537,15.0000,ÉLOIGNEMENT
730,36.3322,0.1804,0.0031,0.0969,0.0734,0.0037,0.1507,15.0000,ÉLOIGNEMENT
731,36.6176,0.1804,-0.0053,0.1087,0.0819,-0.0048,0.1474,15.0000,ÉLOIGNEMENT
732,36.6183,0.1804,-0.0161,0.1197,0.0886,-0.0157,0.1436,15.0000,ÉLOIGNEMENT
733,36.6186,0.1804,0.0199,0.1299,0.0958,0.0202,0.1400,15.0000,ÉLOIGNEMENT
734,36.6188,0.1804,0.0139,0.1394,0.1015,0.0142,0.1366,15.0000,ÉLOIGNEMENT
735,36.6191,0.1804,-0.0065,0.1482,0.1052,-0.0063,0.1325,15.0000,ÉLOIGNEMENT
736,36.6196,0.1804,-0.0113,0.1562,0.1076,-0.0111,0.1277,15.0000,ÉLOIGNEMENT
737,36.6817,0.1804,-0.0041,0.1635,0.1095,-0.0040,0.1228,15.0000,ÉLOIGNEMENT
738,36.7288,0.1804,-0.0137,0.1701,0.1101,-0.0136,0.1177,15.0000,ÉLOIGNEMENT
739,36.7759,0.1804,0.0211,0.1761,0.1117,0.0211,0.1129,15.0000,ÉLOIGNEMENT
740,36.8231,0.1804,-0.0232,0.1815,0.1104,-0.0232,0.1077,15.0000,ÉLOIGNEMENT
741,37.1009,0.1804,0.0127,0.1864,0.1102,0.0126,0.1024,15.0000,ÉLOIGNEMENT
742,37.1013,0.1804,-0.0017,0.1907,0.1089,-0.0018,0.0974,15.0000,ÉLOIGNEMENT
743,37.1016,0.1804,-0.0125,0.1945,0.1065,-0.0126,0.0920,15.0000,ÉLOIGNEMENT
744,37.1019,0.1804,0.0043,0.1979,0.1046,0.0042,0.0868,15.0000,ÉLOIGNEMENT
745,37.1022,0.1804,-0.0185,0.2008,0.1012,-0.0186,0.0814,15.0000,ÉLOIGNEMENT
746,37.1233,0.1804,-0.0101,0.2032,0.0978,-0.0103,0.0759,15.0000,ÉLOIGNEMENT
747,37.1707,0.1804,-0.0101,0.2053,0.0943,-0.0103,0.0706,15.0000,ÉLOIGNEMENT
748,37.2186,0.1804,-0.0017,0.2069,0.0909,-0.0019,0.0656,15.0000,ÉLOIGNEMENT
749,37.2817,0.1804,0.0139,0.2083,0.0882,0.0137,0.0611,15.0000,ÉLOIGNEMENT
750,37.3294,0.1804,-0.0041,0.2094,0.0844,-0.0043,0.0568,15.0000,ÉLOIGNEMENT
751,37.5937,0.1804,0.0175,0.2103,0.0816,0.0173,0.0527,15.0000,ÉLOIGNEMENT
752,37.5941,0.1804,-0.0161,0.2108,0.0770,-0.0163,0.0485,15.0000,ÉLOIGNEMENT
753,37.5943,0.1804,0.0043,0.2112,0.0735,0.0041,0.0443,15.0000,ÉLOIGNEMENT
754,37.5946,0.1804,-0.0053,0.2113,0.0694,-0.0055,0.0404,15.0000,ÉLOIGNEMENT
755,37.5949,0.1804,0.0007,0.2113,0.0656,0.0005,0.0366,15.0000,ÉLOIGNEMENT
756,37.6308,0.1804,-0.0053,0.2111,0.0616,-0.0055,0.0330,15.0000,ÉLOIGNEMENT
757,37.6785,0.1804,-0.0077,0.2107,0.0575,-0.0079,0.0295,15.0000,ÉLOIGNEMENT
758,37.7262,0.1804,0.0103,0.2102,0.0543,0.0101,0.0264,15.0000,ÉLOIGNEMENT
759,37.7732,0.1804,-0.0173,0.2095,0.0499,-0.0175,0.0232,15.0000,ÉLOIGNEMENT
760,37.8206,0.1804,0.0067,0.2088,0.0467,0.0065,0.0203,15.0000,ÉLOIGNEMENT
761,38.0803,0.1804,-0.0173,0.2080,0.0425,-0.0175,0.0174,15.0000,ÉLOIGNEMENT
762,38.0807,0.1804,0.0151,0.2071,0.0399,0.0149,0.0150,15.0000,ÉLOIGNEMENT
763,38.0809,0.1804,0.0067,0.2061,0.0371,0.0065,0.0131,15.0000,ÉLOIGNEMENT
764,38.0811,0.1804,0.0127,0.2052,0.0347,0.0125,0.0113,15.0000,ÉLOIGNEMENT
765,38.0814,0.1804,0.0055,0.2042,0.0320,0.0053,0.0097,15.0000,STATIONNAIRE
766,38.1223,0.1804,-0.0041,0.2032,0.0290,-0.0042,0.0079,15.0000,STATIONNAIRE
767,38.1698,0.1804,-0.0089,0.2022,0.0259,-0.0090,0.0060,15.0000,STATIONNAIRE
768,38.2174,0.1804,0.0019,0.2011,0.0234,0.0017,0.0044,15.0000,STATIONNAIRE
769,38.2808,0.1804,0.0103,0.2000,0.0215,0.0102,0.0032,15.0000,STATIONNAIRE
770,38.3283,0.1804,0.0031,0.1990,0.0194,0.0030,0.0021,15.0000,STATIONNAIRE
771,38.5889,0.1804,0.0067,0.1980,0.0176,0.0066,0.0011,15.0000,STATIONNAIRE
772,38.5893,0.1804,0.0043,0.1970,0.0157,0.0042,0.0003,15.0000,STATIONNAIRE
773,38.5896,0.1804,-0.0280,0.1959,0.0124,-0.0281,-0.0011,15.0000,STATIONNAIRE
774,38.5898,0.1804,0.0127,0.1949,0.0113,0.0126,-0.0021,15.0000,STATIONNAIRE
775,38.5901,0.1804,-0.0029,0.1939,0.0095,-0.0030,-0.0028,15.0000,STATIONNAIRE
776,38.6294,0.1804,0.0342,0.1930,0.0096,0.0341,-0.0029,15.0000,STATIONNAIRE
777,38.6772,0.1804,0.0139,0.1922,0.0089,0.0138,-0.0027,15.0000,STATIONNAIRE
778,38.7244,0.1804,-0.0101,0.1914,0.0070,-0.0101,-0.0031,15.0000,STATIONNAIRE
779,38.7721,0.1804,-0.0029,0.1905,0.0056,-0.0030,-0.0037,15.0000,STATIONNAIRE
780,38.8199,0.1804,0.0043,0.1898,0.0047,0.0042,-0.0040,15.0000,STATIONNAIRE
781,39.0807,0.1804,0.0103,0.1890,0.0041,0.0102,-0.0041,15.0000,STATIONNAIRE
782,39.0811,0.1804,0.0031,0.1883,0.0033,0.0031,-0.0042,15.0000,STATIONNAIRE
783,39.0814,0.1804,0.0294,0.1877,0.0039,0.0293,-0.0038,15.0000,STATIONNAIRE
784,39.0816,0.1804,0.0079,0.1871,0.0034,0.0079,-0.0034,15.0000,STATIONNAIRE
785,39.0819,0.1804,-0.0077,0.1866,0.0023,-0.0077,-0.0035,15.0000,STATIONNAIRE
786,39.1206,0.1804,-0.0352,0.1860,-0.0002,-0.0352,-0.0044,15.0000,STATIONNAIRE
787,39.1683,0.1804,-0.0065,0.1854,-0.0011,-0.0066,-0.0051,15.0000,STATIONNAIRE
788,39.2154,0.1804,0.0043,0.1849,-0.0014,0.0043,-0.0053,15.0000,STATIONNAIRE
789,39.2780,0.1804,0.0019,0.1844,-0.0018,0.0019,-0.0053,15.0000,STATIONNAIRE
790,39.3257,0.1804,0.0103,0.1839,-0.0017,0.0103,-0.0050,15.0000,STATIONNAIRE
791,39.5628,0.1804,-0.0232,0.1834,-0.0033,-0.0232,-0.0053,15.0000,STATIONNAIRE
792,39.5632,0.1804,0.0007,0.1830,-0.0036,0.0007,-0.0056,15.0000,STATIONNAIRE
793,39.5634,0.1804,-0.0041,0.1825,-0.0040,-0.0041,-0.0056,15.0000,STATIONNAIRE
794,39.5636,0.1804,0.0247,0.1822,-0.0030,0.0247,-0.0051,15.0000,STATIONNAIRE
795,39.5802,0.1804,-0.0125,0.1818,-0.0038,-0.0125,-0.0048,15.0000,STATIONNAIRE
796,39.6275,0.1804,0.0079,0.1815,-0.0036,0.0079,-0.0047,15.0000,STATIONNAIRE
797,39.6756,0.1804,0.0175,0.1813,-0.0028,0.0175,-0.0041,15.0000,STATIONNAIRE
798,39.7233,0.1804,-0.0065,0.1810,-0.0032,-0.0065,-0.0038,15.0000,STATIONNAIRE
799,39.7709,0.1804,0.0151,0.1809,-0.0025,0.0151,-0.0034,15.0000,STATIONNAIRE
800,39.8195,0.1804,-0.0101,0.1807,-0.0030,-0.0101,-0.0032,15.0000,STATIONNAIRE
801,40.0561,0.1804,-0.0137,0.1805,-0.0037,-0.0137,-0.0034,15.0000,STATIONNAIRE
802,40.0565,0.1804,-0.0041,0.1803,-0.0039,-0.0041,-0.0035,15.0000,STATIONNAIRE
803,40.0567,0.1804,-0.0149,0.1801,-0.0046,-0.0149,-0.0037,15.0000,STATIONNAIRE
804,40.0569,0.1804,-0.0137,0.1799,-0.0053,-0.0137,-0.0041,15.0000,STATIONNAIRE
805,40.0738,0.1804,0.0019,0.1798,-0.0051,0.0019,-0.0041,15.0000,STATIONNAIRE
806,40.1216,0.1804,0.0091,0.1796,-0.0045,0.0091,-0.0038,15.0000,STATIONNAIRE
807,40.1693,0.1804,-0.0149,0.1795,-0.0052,-0.0149,-0.0037,15.0000,STATIONNAIRE
808,40.2167,0.1804,0.0223,0.1794,-0.0039,0.0223,-0.0033,15.0000,STATIONNAIRE
809,40.2645,0.1804,-0.0101,0.1793,-0.0043,-0.0101,-0.0030,15.0000,STATIONNAIRE
810,40.3282,0.1804,0.0115,0.1792,-0.0036,0.0115,-0.0027,15.0000,STATIONNAIRE
811,40.5651,0.1804,0.0007,0.1792,-0.0034,0.0007,-0.0023,15.0000,STATIONNAIRE
812,40.5655,0.1804,-0.0173,0.1791,-0.0041,-0.0173,-0.0024,15.0000,STATIONNAIRE
813,40.5657,0.1804,0.0139,0.1791,-0.0032,0.0139,-0.0022,15.0000,STATIONNAIRE
814,40.5659,0.1804,-0.0005,0.1791,-0.0031,-0.0005,-0.0019,15.0000,STATIONNAIRE
815,40.5662,0.1804,0.0139,0.1791,-0.0022,0.0139,-0.0015,15.0000,STATIONNAIRE
816,40.6286,0.1804,-0.0137,0.1791,-0.0028,-0.0137,-0.0013,15.0000,STATIONNAIRE
817,40.6760,0.1804,-0.0029,0.1791,-0.0027,-0.0029,-0.0014,15.0000,STATIONNAIRE
818,40.7237,0.1804,-0.0041,0.1791,-0.0028,-0.0041,-0.0014,15.0000,STATIONNAIRE
819,40.7712,0.1933,-0.0041,0.1804,-0.0014,-0.0040,0.0120,15.0000,ÉLOIGNEMENT
820,40.8179,0.1610,-0.0053,0.1784,-0.0038,-0.0054,-0.0220,8.0973,APPROCHE
821,41.0757,0.1336,-0.0101,0.1736,-0.0093,-0.0104,-0.0501,3.4679,APPROCHE
822,41.0762,0.1509,0.0199,0.1709,-0.0107,0.0197,-0.0305,5.6099,APPROCHE
823,41.0765,0.1676,-0.0029,0.1701,-0.0112,-0.0029,-0.0122,13.9510,APPROCHE
824,41.0767,0.1676,0.0175,0.1693,-0.0105,0.0175,-0.0117,14.4664,APPROCHE
825,41.0770,0.1610,-0.0017,0.1680,-0.0115,-0.0017,-0.0180,9.3127,APPROCHE
826,41.1188,0.1706,0.0115,0.1678,-0.0105,0.0115,-0.0073,15.0000,STATIONNAIRE
827,41.1667,0.1643,0.0139,0.1670,-0.0102,0.0139,-0.0131,12.7480,APPROCHE
828,41.2149,0.1676,-0.0113,0.1666,-0.0106,-0.0113,-0.0091,15.0000,STATIONNAIRE
829,41.2782,0.1578,0.0007,0.1652,-0.0115,0.0006,-0.0190,8.7003,APPROCHE
830,41.3263,0.1543,0.0079,0.1636,-0.0122,0.0078,-0.0217,7.5273,APPROCHE
831,41.5793,0.1676,-0.0017,0.1634,-0.0118,-0.0017,-0.0070,15.0000,STATIONNAIRE
832,41.5797,0.1406,-0.0077,0.1606,-0.0146,-0.0078,-0.0349,4.6017,APPROCHE
833,41.5799,0.1235,0.0043,0.1561,-0.0184,0.0041,-0.0515,3.0302,APPROCHE
834,41.5801,0.1303,-0.0005,0.1526,-0.0212,-0.0006,-0.0428,3.5640,APPROCHE
835,41.5804,0.1274,-0.0209,0.1491,-0.0249,-0.0210,-0.0450,3.3114,APPROCHE
836,41.6232,0.1062,0.0007,0.1436,-0.0295,0.0004,-0.0661,2.1721,APPROCHE
837,41.6707,0.1062,-0.0089,0.1384,-0.0339,-0.0091,-0.0644,2.1493,APPROCHE
838,41.7189,0.1096,0.0019,0.1339,-0.0368,0.0017,-0.0592,2.2635,APPROCHE
839,41.7667,0.1096,-0.0149,0.1298,-0.0400,-0.0150,-0.0578,2.2472,APPROCHE
840,41.8142,0.1063,0.0175,0.1256,-0.0415,0.0173,-0.0593,2.1165,APPROCHE
841,42.0456,0.1027,0.0055,0.1214,-0.0436,0.0054,-0.0608,1.9956,APPROCHE
842,42.0460,0.1027,-0.0101,0.1175,-0.0459,-0.0102,-0.0589,1.9966,APPROCHE
843,42.0462,0.1027,0.0091,0.1140,-0.0468,0.0090,-0.0567,2.0088,APPROCHE
844,42.0464,0.1062,-0.0005,0.1111,-0.0475,-0.0005,-0.0508,2.1854,APPROCHE
845,42.0678,0.1062,0.0091,0.1084,-0.0473,0.0091,-0.0486,2.2333,APPROCHE
846,42.1151,0.1027,0.0019,0.1057,-0.0475,0.0019,-0.0499,2.1199,APPROCHE
847,42.1631,0.1027,0.0187,0.1033,-0.0467,0.0187,-0.0472,2.1886,APPROCHE
848,42.2261,0.1027,-0.0065,0.1011,-0.0468,-0.0065,-0.0448,2.2601,APPROCHE
849,42.2734,0.1027,-0.0137,0.0992,-0.0471,-0.0137,-0.0428,2.3171,APPROCHE
850,42.3209,0.1027,0.0103,0.0974,-0.0459,0.0103,-0.0406,2.4023,APPROCHE
851,42.5524,0.1027,-0.0053,0.0959,-0.0453,-0.0052,-0.0383,2.5049,APPROCHE
852,42.5528,0.1027,0.0103,0.0946,-0.0438,0.0103,-0.0360,2.6298,APPROCHE
853,42.5530,0.1027,-0.0053,0.0934,-0.0430,-0.0052,-0.0337,2.7693,APPROCHE
854,42.5533,0.1027,0.0187,0.0925,-0.0408,0.0187,-0.0313,2.9521,APPROCHE
855,42.5735,0.1027,0.0007,0.0917,-0.0394,0.0008,-0.0290,3.1676,APPROCHE
856,42.6207,0.1027,-0.0041,0.0911,-0.0381,-0.0040,-0.0270,3.3770,APPROCHE
857,42.6681,0.1027,0.0115,0.0905,-0.0361,0.0116,-0.0248,3.6461,APPROCHE
858,42.7161,0.1027,-0.0113,0.0902,-0.0351,-0.0112,-0.0230,3.9240,APPROCHE
859,42.7641,0.1027,0.0019,0.0899,-0.0334,0.0020,-0.0213,4.2244,APPROCHE
860,42.8281,0.1027,-0.0029,0.0897,-0.0320,-0.0028,-0.0196,4.5849,APPROCHE
861,43.0623,0.1027,0.0175,0.0896,-0.0295,0.0176,-0.0176,5.0897,APPROCHE
862,43.0627,0.1027,0.0031,0.0896,-0.0277,0.0032,-0.0157,5.7132,APPROCHE
863,43.0630,0.1027,0.0019,0.0897,-0.0260,0.0020,-0.0141,6.3810,APPROCHE
864,43.0633,0.1027,0.0091,0.0899,-0.0240,0.0092,-0.0124,7.2459,APPROCHE
865,43.0662,0.1027,0.0019,0.0901,-0.0223,0.0020,-0.0109,8.2956,APPROCHE
866,43.1136,0.1027,0.0151,0.0904,-0.0201,0.0152,-0.0093,15.0000,STATIONNAIRE
867,43.1775,0.1027,-0.0053,0.0908,-0.0189,-0.0052,-0.0079,15.0000,STATIONNAIRE
868,43.2250,0.1027,0.0055,0.0912,-0.0172,0.0056,-0.0068,15.0000,STATIONNAIRE
869,43.2725,0.1027,-0.0005,0.0916,-0.0158,-0.0004,-0.0057,15.0000,STATIONNAIRE
870,43.3202,0.1027,0.0019,0.0920,-0.0144,0.0020,-0.0047,15.0000,STATIONNAIRE
871,43.5729,0.1027,0.0019,0.0925,-0.0131,0.0020,-0.0038,15.0000,STATIONNAIRE
872,43.5733,0.1026,-0.0017,0.0929,-0.0119,-0.0016,-0.0031,15.0000,STATIONNAIRE
873,43.5736,0.1027,0.0187,0.0934,-0.0099,0.0187,-0.0019,15.0000,STATIONNAIRE
874,43.5740,0.1027,-0.0173,0.0939,-0.0096,-0.0172,-0.0013,15.0000,STATIONNAIRE
875,43.5744,0.1027,0.0103,0.0944,-0.0081,0.0103,-0.0007,15.0000,STATIONNAIRE
876,43.6217,0.1027,-0.0089,0.0948,-0.0076,-0.0088,-0.0002,15.0000,STATIONNAIRE
877,43.6702,0.1027,0.0103,0.0953,-0.0062,0.0103,0.0003,15.0000,STATIONNAIRE
878,43.7182,0.1027,-0.0101,0.0958,-0.0058,-0.0100,0.0007,15.0000,STATIONNAIRE
879,43.7663,0.1027,-0.0041,0.0962,-0.0052,-0.0041,0.0009,15.0000,STATIONNAIRE
880,43.8145,0.1027,-0.0029,0.0967,-0.0046,-0.0029,0.0011,15.0000,STATIONNAIRE
881,44.0670,0.1274,0.0007,0.0996,-0.0012,0.0009,0.0270,15.0000,ÉLOIGNEMENT
882,44.0675,0.2284,0.0282,0.1128,0.0145,0.0290,0.1321,15.0000,ÉLOIGNEMENT
883,44.0678,0.1610,-0.0137,0.1183,0.0191,-0.0134,0.0589,15.0000,ÉLOIGNEMENT
884,44.0681,0.1933,-0.0005,0.1269,0.0272,-0.0001,0.0916,15.0000,ÉLOIGNEMENT
885,44.0684,0.1804,-0.0472,0.1335,0.0306,-0.0468,0.0755,15.0000,ÉLOIGNEMENT
886,44.1160,0.1804,0.0043,0.1397,0.0359,0.0045,0.0735,15.0000,ÉLOIGNEMENT
887,44.1633,0.1804,0.0235,0.1455,0.0413,0.0237,0.0724,15.0000,ÉLOIGNEMENT
888,44.2265,0.1804,-0.0065,0.1509,0.0446,-0.0063,0.0710,15.0000,ÉLOIGNEMENT
889,44.2742,0.1804,0.0187,0.1560,0.0486,0.0188,0.0694,15.0000,ÉLOIGNEMENT
890,44.3217,0.1806,-0.0209,0.1606,0.0500,-0.0207,0.0676,15.0000,ÉLOIGNEMENT
891,44.5817,0.1804,0.0139,0.1649,0.0526,0.0140,0.0653,15.0000,ÉLOIGNEMENT
892,44.5821,0.1804,-0.0173,0.1688,0.0532,-0.0172,0.0630,15.0000,ÉLOIGNEMENT
893,44.5824,0.1804,0.0151,0.1724,0.0549,0.0151,0.0607,15.0000,ÉLOIGNEMENT
894,44.5826,0.1804,0.0091,0.1757,0.0559,0.0091,0.0587,15.0000,ÉLOIGNEMENT
895,44.5828,0.1804,-0.0137,0.1787,0.0554,-0.0137,0.0561,15.0000,ÉLOIGNEMENT
896,44.6239,0.1804,0.0258,0.1814,0.0566,0.0257,0.0539,15.0000,ÉLOIGNEMENT
897,44.6714,0.1804,0.0127,0.1838,0.0568,0.0127,0.0519,15.0000,ÉLOIGNEMENT
898,44.7192,0.1804,0.0187,0.1861,0.0571,0.0187,0.0499,15.0000,ÉLOIGNEMENT
899,44.7671,0.1804,-0.0065,0.1880,0.0558,-0.0065,0.0475,15.0000,ÉLOIGNEMENT
900,44.8152,0.1804,0.0115,0.1898,0.0552,0.0114,0.0451,15.0000,ÉLOIGNEMENT
901,45.0800,0.1804,-0.0209,0.1913,0.0528,-0.0209,0.0423,15.0000,ÉLOIGNEMENT
902,45.0803,0.1804,-0.0041,0.1925,0.0511,-0.0042,0.0394,15.0000,ÉLOIGNEMENT
903,45.0806,0.1804,-0.0089,0.1936,0.0491,-0.0090,0.0366,15.0000,ÉLOIGNEMENT
904,45.0808,0.1804,0.0031,0.1944,0.0475,0.0030,0.0340,15.0000,ÉLOIGNEMENT
905,45.0810,0.1804,0.0079,0.1951,0.0461,0.0078,0.0318,15.0000,ÉLOIGNEMENT
906,45.1160,0.1804,-0.0197,0.1957,0.0432,-0.0198,0.0292,15.0000,ÉLOIGNEMENT
907,45.1633,0.1804,0.0139,0.1961,0.0420,0.0138,0.0269,15.0000,ÉLOIGNEMENT
908,45.2114,0.1804,-0.0017,0.1963,0.0399,-0.0018,0.0248,15.0000,ÉLOIGNEMENT
909,45.2747,0.1804,0.0007,0.1965,0.0380,0.0006,0.0227,15.0000,ÉLOIGNEMENT
910,45.3221,0.1804,-0.0113,0.1965,0.0354,-0.0114,0.0205,15.0000,ÉLOIGNEMENT
911,45.5573,0.1804,0.0079,0.1965,0.0338,0.0078,0.0186,15.0000,ÉLOIGNEMENT
912,45.5577,0.1804,0.0163,0.1964,0.0327,0.0162,0.0172,15.0000,ÉLOIGNEMENT
913,45.5579,0.1804,-0.0077,0.1962,0.0304,-0.0078,0.0156,15.0000,ÉLOIGNEMENT
914,45.5581,0.1804,0.0294,0.1960,0.0299,0.0292,0.0144,15.0000,ÉLOIGNEMENT
915,45.5747,0.1804,0.0031,0.1957,0.0282,0.0030,0.0134,15.0000,ÉLOIGNEMENT
916,45.6222,0.1804,0.0115,0.1954,0.0269,0.0114,0.0122,15.0000,ÉLOIGNEMENT
917,45.6694,0.1804,-0.0029,0.1951,0.0250,-0.0030,0.0110,15.0000,ÉLOIGNEMENT
918,45.7170,0.1804,0.0127,0.1947,0.0238,0.0126,0.0099,15.0000,STATIONNAIRE
919,45.7647,0.1804,0.0007,0.1943,0.0221,0.0006,0.0089,15.0000,STATIONNAIRE
920,45.8119,0.1804,-0.0125,0.1939,0.0199,-0.0126,0.0075,15.0000,STATIONNAIRE
921,46.0750,0.1804,0.0151,0.1934,0.0190,0.0150,0.0065,15.0000,STATIONNAIRE
922,46.0755,0.1804,-0.0041,0.1929,0.0173,-0.0042,0.0056,15.0000,STATIONNAIRE
923,46.0758,0.1804,0.0127,0.1924,0.0164,0.0126,0.0048,15.0000,STATIONNAIRE
924,46.0761,0.1804,-0.0041,0.1919,0.0148,-0.0042,0.0041,15.0000,STATIONNAIRE
925,46.0764,0.1804,-0.0125,0.1914,0.0128,-0.0126,0.0029,15.0000,STATIONNAIRE
926,46.1126,0.1804,0.0031,0.1909,0.0117,0.0030,0.0021,15.0000,STATIONNAIRE
927,46.1600,0.1804,-0.0029,0.1903,0.0103,-0.0030,0.0013,15.0000,STATIONNAIRE
928,46.2236,0.1804,0.0199,0.1898,0.0101,0.0198,0.0010,15.0000,STATIONNAIRE
929,46.2717,0.1804,-0.0280,0.1892,0.0077,-0.0280,0.0002,15.0000,STATIONNAIRE
930,46.3197,0.1804,0.0294,0.1887,0.0081,0.0293,-0.0002,15.0000,STATIONNAIRE
931,46.5837,0.1804,0.0007,0.1882,0.0072,0.0007,-0.0002,15.0000,STATIONNAIRE
932,46.5840,0.1804,0.0103,0.1878,0.0068,0.0102,-0.0004,15.0000,STATIONNAIRE
933,46.5843,0.1804,-0.0197,0.1873,0.0050,-0.0197,-0.0010,15.0000,STATIONNAIRE
934,46.5846,0.1804,-0.0185,0.1868,0.0032,-0.0185,-0.0019,15.0000,STATIONNAIRE
935,46.5848,0.1804,0.0235,0.1863,0.0037,0.0234,-0.0021,15.0000,STATIONNAIRE
936,46.6207,0.1804,0.0067,0.1859,0.0033,0.0067,-0.0019,15.0000,STATIONNAIRE
937,46.6679,0.1804,-0.0065,0.1855,0.0024,-0.0065,-0.0021,15.0000,STATIONNAIRE
938,46.7151,0.1804,-0.0041,0.1850,0.0016,-0.0041,-0.0025,15.0000,STATIONNAIRE
939,46.7627,0.1804,0.0019,0.1846,0.0012,0.0019,-0.0026,15.0000,STATIONNAIRE
940,46.8099,0.1804,-0.0113,0.1842,0.0002,-0.0113,-0.0030,15.0000,STATIONNAIRE
941,47.0437,0.1804,-0.0041,0.1839,-0.0005,-0.0041,-0.0033,15.0000,STATIONNAIRE
942,47.0441,0.1804,-0.0017,0.1835,-0.0009,-0.0017,-0.0035,15.0000,STATIONNAIRE
943,47.0443,0.1804,-0.0089,0.1831,-0.0017,-0.0089,-0.0037,15.0000,STATIONNAIRE
944,47.0445,0.1804,0.0103,0.1828,-0.0015,0.0103,-0.0037,15.0000,STATIONNAIRE
945,47.0620,0.1804,-0.0149,0.1824,-0.0025,-0.0149,-0.0038,15.0000,STATIONNAIRE
946,47.1095,0.1804,0.0007,0.1821,-0.0027,0.0007,-0.0040,15.0000,STATIONNAIRE
947,47.1730,0.1804,-0.0065,0.1818,-0.0032,-0.0065,-0.0041,15.0000,STATIONNAIRE
948,47.2203,0.1804,-0.0053,0.1815,-0.0036,-0.0053,-0.0042,15.0000,STATIONNAIRE
949,47.2676,0.1804,0.0007,0.1813,-0.0036,0.0007,-0.0042,15.0000,STATIONNAIRE
950,47.3149,0.1804,-0.0137,0.1810,-0.0044,-0.0137,-0.0043,15.0000,STATIONNAIRE
951,47.5499,0.1804,0.0103,0.1807,-0.0039,0.0103,-0.0042,15.0000,STATIONNAIRE
952,47.5503,0.1804,-0.0089,0.1805,-0.0044,-0.0089,-0.0041,15.0000,STATIONNAIRE
953,47.5505,0.1804,0.0031,0.1803,-0.0042,0.0031,-0.0040,15.0000,STATIONNAIRE
954,47.5507,0.1804,-0.0101,0.1801,-0.0047,-0.0101,-0.0040,15.0000,STATIONNAIRE
955,47.5691,0.1804,0.0031,0.1799,-0.0045,0.0031,-0.0039,15.0000,STATIONNAIRE
956,47.6171,0.1804,0.0031,0.1798,-0.0042,0.0031,-0.0036,15.0000,STATIONNAIRE
957,47.6651,0.1804,-0.0125,0.1797,-0.0048,-0.0125,-0.0036,15.0000,STATIONNAIRE
958,47.7129,0.1804,-0.0017,0.1795,-0.0048,-0.0017,-0.0036,15.0000,STATIONNAIRE
959,47.7605,0.1804,-0.0173,0.1794,-0.0055,-0.0173,-0.0038,15.0000,STATIONNAIRE
960,47.8082,0.1804,-0.0113,0.1792,-0.0059,-0.0113,-0.0041,15.0000,STATIONNAIRE
961,48.0594,0.1804,-0.0149,0.1791,-0.0065,-0.0149,-0.0044,15.0000,STATIONNAIRE
962,48.0598,0.1199,0.0103,0.1727,-0.0125,0.0099,-0.0672,2.5715,APPROCHE
963,48.0601,0.1027,0.0043,0.1650,-0.0199,0.0039,-0.0829,1.9905,APPROCHE
964,48.0604,0.1302,0.0007,0.1605,-0.0236,0.0005,-0.0521,3.0833,APPROCHE
965,48.0623,0.1062,0.0055,0.1539,-0.0292,0.0052,-0.0758,2.0302,APPROCHE
966,48.1106,0.1062,-0.0029,0.1477,-0.0345,-0.0032,-0.0739,1.9981,APPROCHE
967,48.1595,0.0993,0.0175,0.1412,-0.0388,0.0172,-0.0790,1.7874,APPROCHE
968,48.2229,0.0691,-0.0089,0.1321,-0.0470,-0.0093,-0.1083,1.2196,APPROCHE
969,48.2709,0.0626,0.0043,0.1229,-0.0542,0.0039,-0.1122,1.0953,APPROCHE
970,48.3192,0.0429,-0.0173,0.1122,-0.0636,-0.0177,-0.1299,0.8638,COLLISION RISK
971,48.5691,0.0429,0.0139,0.1023,-0.0702,0.0135,-0.1264,0.8095,COLLISION RISK
972,48.5696,0.0396,-0.0185,0.0927,-0.0777,-0.0188,-0.1265,0.7330,COLLISION RISK
973,48.5698,0.0364,-0.0053,0.0835,-0.0837,-0.0056,-0.1265,0.6596,COLLISION RISK
974,48.5700,0.0789,0.0055,0.0792,-0.0835,0.0055,-0.0785,1.0096,APPROCHE
975,48.5703,0.0429,0.0043,0.0718,-0.0869,0.0041,-0.1131,0.6348,COLLISION RISK
976,48.6035,0.0429,-0.0149,0.0649,-0.0903,-0.0150,-0.1092,0.5946,COLLISION RISK
977,48.6510,0.0331,-0.0113,0.0576,-0.0939,-0.0115,-0.1156,0.4981,COLLISION RISK
978,48.6991,0.0461,-0.0029,0.0522,-0.0948,-0.0030,-0.0978,0.5335,COLLISION RISK
979,48.7470,0.0364,0.0199,0.0463,-0.0950,0.0198,-0.1035,0.4479,COLLISION RISK
980,48.8111,0.0364,-0.0089,0.0410,-0.0960,-0.0089,-0.0988,0.4154,COLLISION RISK
981,49.0550,0.0494,0.0211,0.0376,-0.0935,0.0211,-0.0805,0.4675,COLLISION RISK
982,49.0555,0.0331,0.0031,0.0330,-0.0933,0.0031,-0.0929,0.3549,COLLISION RISK
983,49.0557,0.0331,0.0127,0.0288,-0.0922,0.0127,-0.0879,0.3278,COLLISION RISK
984,49.0559,0.0331,-0.0113,0.0251,-0.0918,-0.0112,-0.0832,0.3014,COLLISION RISK
985,49.0561,0.0331,0.0007,0.0218,-0.0903,0.0008,-0.0788,0.2765,COLLISION RISK
986,49.0966,0.0429,-0.0077,0.0199,-0.0879,-0.0075,-0.0643,0.3093,COLLISION RISK
987,49.1440,0.0429,-0.0065,0.0183,-0.0852,-0.0063,-0.0604,0.3027,COLLISION RISK
988,49.1912,0.0430,0.0043,0.0170,-0.0818,0.0045,-0.0563,0.3021,COLLISION RISK
989,49.2384,0.0331,0.0223,0.0150,-0.0784,0.0224,-0.0621,0.2416,COLLISION RISK
990,49.2861,0.0331,-0.0113,0.0133,-0.0766,-0.0111,-0.0578,0.2306,COLLISION RISK
991,49.5201,0.0331,0.0007,0.0119,-0.0739,0.0008,-0.0539,0.2212,COLLISION RISK
992,49.5205,0.0331,0.0007,0.0108,-0.0711,0.0009,-0.0500,0.2154,COLLISION RISK
993,49.5207,0.0331,-0.0053,0.0099,-0.0685,-0.0051,-0.0464,0.2126,COLLISION RISK
994,49.5209,0.0331,-0.0149,0.0091,-0.0663,-0.0147,-0.0431,0.2119,COLLISION RISK
995,49.5396,0.0331,-0.0089,0.0086,-0.0638,-0.0087,-0.0401,0.2146,COLLISION RISK
996,49.5869,0.0624,0.0103,0.0113,-0.0569,0.0106,-0.0063,15.0000,COLLISION RISK
997,49.6348,0.0364,-0.0101,0.0113,-0.0544,-0.0099,-0.0311,0.3623,COLLISION RISK
998,49.6826,0.0364,-0.0149,0.0114,-0.0520,-0.0147,-0.0285,0.4002,COLLISION RISK
999,49.7306,0.0364,0.0055,0.0116,-0.0487,0.0056,-0.0257,0.4518,COLLISION RISK
1000,49.7788,0.0364,-0.0101,0.0120,-0.0462,-0.0099,-0.0232,0.5165,COLLISION RISK
1001,50.0266,0.0364,0.0067,0.0124,-0.0429,0.0068,-0.0207,0.6001,COLLISION RISK
1002,50.0270,0.0364,-0.0053,0.0129,-0.0403,-0.0051,-0.0183,0.7063,COLLISION RISK
1003,50.0272,0.0396,0.0019,0.0138,-0.0370,0.0021,-0.0128,1.0834,COLLISION RISK
1004,50.0275,0.0396,0.0091,0.0148,-0.0335,0.0093,-0.0106,1.3999,COLLISION RISK
1005,50.0309,0.0298,0.0079,0.0149,-0.0313,0.0080,-0.0186,0.7982,COLLISION RISK
1006,50.0789,0.0298,0.0055,0.0150,-0.0292,0.0056,-0.0164,0.9165,COLLISION RISK
1007,50.1259,0.0429,0.0079,0.0166,-0.0255,0.0081,-0.0006,15.0000,COLLISION RISK
1008,50.1727,0.0331,-0.0244,0.0171,-0.0248,-0.0243,-0.0099,15.0000,COLLISION RISK
1009,50.2198,0.0331,0.0055,0.0176,-0.0226,0.0056,-0.0086,15.0000,COLLISION RISK
1010,50.2822,0.0331,-0.0005,0.0182,-0.0208,-0.0004,-0.0072,15.0000,COLLISION RISK
1011,50.5269,0.0331,-0.0029,0.0188,-0.0192,-0.0028,-0.0060,15.0000,COLLISION RISK
1012,50.5273,0.0331,-0.0029,0.0194,-0.0176,-0.0028,-0.0049,15.0000,COLLISION RISK
1013,50.5275,0.0331,-0.0065,0.0200,-0.0163,-0.0064,-0.0041,15.0000,COLLISION RISK
1014,50.5277,0.0429,-0.0101,0.0216,-0.0142,-0.0100,0.0068,15.0000,COLLISION RISK
1015,50.5279,0.0429,0.0091,0.0231,-0.0113,0.0092,0.0074,15.0000,COLLISION RISK
1016,50.5679,0.0429,-0.0125,0.0246,-0.0097,-0.0123,0.0078,15.0000,COLLISION RISK
1017,50.6157,0.0429,0.0103,0.0261,-0.0071,0.0104,0.0084,15.0000,COLLISION RISK
1018,50.6637,0.0298,-0.0197,0.0261,-0.0076,-0.0196,-0.0050,15.0000,COLLISION RISK
1019,50.7117,0.0298,0.0175,0.0262,-0.0063,0.0175,-0.0042,15.0000,COLLISION RISK
1020,50.7594,0.0298,-0.0113,0.0263,-0.0065,-0.0112,-0.0035,15.0000,COLLISION RISK
1021,51.0044,0.0298,0.0163,0.0263,-0.0052,0.0163,-0.0029,15.0000,COLLISION RISK
1022,51.0048,0.0298,0.0079,0.0265,-0.0044,0.0079,-0.0020,15.0000,COLLISION RISK
1023,51.0050,0.0298,0.0067,0.0266,-0.0037,0.0067,-0.0014,15.0000,COLLISION RISK
1024,51.0052,0.0298,-0.0149,0.0268,-0.0041,-0.0149,-0.0012,15.0000,COLLISION RISK
1025,51.0119,0.0429,0.0127,0.0283,-0.0016,0.0128,0.0128,15.0000,COLLISION RISK
1026,51.0590,0.0430,-0.0209,0.0297,-0.0010,-0.0208,0.0125,15.0000,COLLISION RISK
1027,51.1063,0.0593,0.0091,0.0327,0.0027,0.0092,0.0293,15.0000,COLLISION RISK
1028,51.1540,0.0331,-0.0173,0.0328,0.0019,-0.0173,0.0013,15.0000,COLLISION RISK
1029,51.2013,0.0331,0.0067,0.0329,0.0022,0.0067,0.0014,15.0000,COLLISION RISK
1030,51.2652,0.0429,-0.0041,0.0340,0.0031,-0.0040,0.0118,15.0000,COLLISION RISK
1031,51.5290,0.0429,0.0139,0.0351,0.0048,0.0139,0.0118,15.0000,COLLISION RISK
1032,51.5294,0.0429,-0.0197,0.0361,0.0046,-0.0196,0.0114,15.0000,COLLISION RISK
1033,51.5296,0.0429,0.0151,0.0370,0.0061,0.0151,0.0112,15.0000,COLLISION RISK
1034,51.5298,0.0429,-0.0077,0.0379,0.0063,-0.0076,0.0110,15.0000,COLLISION RISK
1035,51.5300,0.0429,0.0282,0.0387,0.0083,0.0282,0.0112,15.0000,COLLISION RISK
1036,51.5501,0.0331,-0.0101,0.0385,0.0071,-0.0101,0.0009,15.0000,COLLISION RISK
1037,51.5975,0.0331,0.0067,0.0383,0.0068,0.0066,0.0009,15.0000,COLLISION RISK
1038,51.6450,0.0331,-0.0125,0.0380,0.0056,-0.0125,0.0007,15.0000,COLLISION RISK
1039,51.6927,0.0331,0.0031,0.0378,0.0051,0.0030,0.0004,15.0000,COLLISION RISK
1040,51.7403,0.0331,-0.0232,0.0375,0.0034,-0.0232,-0.0002,15.0000,COLLISION RISK
1041,51.9951,0.0331,0.0067,0.0372,0.0033,0.0066,-0.0006,15.0000,COLLISION RISK
1042,51.9955,0.0331,-0.0089,0.0369,0.0024,-0.0089,-0.0009,15.0000,COLLISION RISK
1043,51.9958,0.0331,0.0294,0.0367,0.0034,0.0293,-0.0007,15.0000,COLLISION RISK
1044,51.9960,0.0331,-0.0077,0.0365,0.0026,-0.0077,-0.0005,15.0000,COLLISION RISK
1045,51.9962,0.0331,0.0258,0.0363,0.0035,0.0257,-0.0003,15.0000,COLLISION RISK
1046,52.0416,0.0331,-0.0221,0.0361,0.0020,-0.0221,-0.0004,15.0000,COLLISION RISK
1047,52.0893,0.0233,0.0294,0.0349,0.0021,0.0293,-0.0105,3.3290,COLLISION RISK
1048,52.1371,0.0233,0.0139,0.0338,0.0015,0.0138,-0.0096,15.0000,COLLISION RISK
1049,52.1847,0.0233,-0.0029,0.0328,0.0001,-0.0029,-0.0093,15.0000,COLLISION RISK
1050,52.2480,0.0233,-0.0113,0.0318,-0.0015,-0.0113,-0.0094,15.0000,COLLISION RISK
1051,52.4839,0.0233,0.0163,0.0309,-0.0016,0.0162,-0.0092,15.0000,COLLISION RISK
1052,52.4844,0.0233,0.0079,0.0301,-0.0020,0.0079,-0.0087,15.0000,COLLISION RISK
1053,52.4847,0.0233,-0.0089,0.0293,-0.0032,-0.0089,-0.0086,15.0000,COLLISION RISK
1054,52.4849,0.0233,0.0079,0.0285,-0.0035,0.0078,-0.0085,15.0000,COLLISION RISK
1055,52.4852,0.0233,-0.0065,0.0278,-0.0043,-0.0065,-0.0083,15.0000,COLLISION RISK
1056,52.5481,0.0233,0.0127,0.0272,-0.0042,0.0127,-0.0080,15.0000,COLLISION RISK
1057,52.5956,0.0233,-0.0125,0.0266,-0.0052,-0.0125,-0.0079,15.0000,COLLISION RISK
1058,52.6433,0.0233,0.0139,0.0260,-0.0048,0.0138,-0.0076,15.0000,COLLISION RISK
1059,52.6906,0.0233,0.0043,0.0255,-0.0049,0.0043,-0.0071,15.0000,COLLISION RISK
1060,52.7379,0.0233,-0.0065,0.0251,-0.0055,-0.0065,-0.0069,15.0000,COLLISION RISK
1061,52.9935,0.0233,0.0223,0.0247,-0.0045,0.0223,-0.0063,15.0000,COLLISION RISK
1062,52.9939,0.0494,-0.0185,0.0270,-0.0027,-0.0183,0.0211,15.0000,COLLISION RISK
1063,52.9941,0.0331,0.0067,0.0275,-0.0016,0.0067,0.0035,15.0000,COLLISION RISK
1064,52.9943,0.0331,-0.0113,0.0280,-0.0016,-0.0112,0.0035,15.0000,COLLISION RISK
1065,52.9945,0.0331,0.0175,0.0285,-0.0001,0.0175,0.0037,15.0000,COLLISION RISK
1066,53.0398,0.0233,-0.0017,0.0279,-0.0008,-0.0017,-0.0062,15.0000,COLLISION RISK
1067,53.0877,0.0233,0.0187,0.0274,-0.0004,0.0186,-0.0055,15.0000,COLLISION RISK
1068,53.1354,0.0233,0.0007,0.0270,-0.0008,0.0007,-0.0049,15.0000,COLLISION RISK
1069,53.1835,0.0233,-0.0041,0.0266,-0.0014,-0.0041,-0.0048,15.0000,COLLISION RISK
1070,53.2310,0.0233,-0.0197,0.0262,-0.0027,-0.0197,-0.0050,15.0000,COLLISION RISK
1071,53.4733,0.0233,0.0055,0.0257,-0.0028,0.0055,-0.0051,15.0000,COLLISION RISK
1072,53.4737,0.0331,0.0031,0.0264,-0.0018,0.0031,0.0054,15.0000,COLLISION RISK
1073,53.4739,0.0331,-0.0161,0.0270,-0.0018,-0.0160,0.0050,15.0000,COLLISION RISK
1074,53.4741,0.0331,0.0163,0.0275,-0.0003,0.0163,0.0049,15.0000,COLLISION RISK
1075,53.4805,0.0331,0.0031,0.0281,0.0004,0.0032,0.0052,15.0000,COLLISION RISK
1076,53.5277,0.0331,0.0127,0.0286,0.0016,0.0127,0.0054,15.0000,COLLISION RISK
1077,53.5755,0.0331,0.0079,0.0292,0.0025,0.0079,0.0057,15.0000,COLLISION RISK
1078,53.6227,0.0331,0.0031,0.0297,0.0031,0.0031,0.0059,15.0000,COLLISION RISK
1079,53.6865,0.0233,0.0199,0.0292,0.0034,0.0198,-0.0039,15.0000,COLLISION RISK
1080,53.7332,0.0233,0.0139,0.0288,0.0034,0.0139,-0.0032,15.0000,COLLISION RISK
1081,53.9686,0.0233,-0.0149,0.0283,0.0020,-0.0149,-0.0031,15.0000,COLLISION RISK
1082,53.9689,0.0233,0.0258,0.0279,0.0027,0.0257,-0.0028,15.0000,COLLISION RISK
1083,53.9691,0.0233,0.0091,0.0276,0.0027,0.0091,-0.0022,15.0000,COLLISION RISK
1084,53.9693,0.0233,0.0199,0.0273,0.0032,0.0199,-0.0016,15.0000,COLLISION RISK
1085,53.9737,0.0233,-0.0053,0.0270,0.0024,-0.0053,-0.0014,15.0000,COLLISION RISK
1086,54.0213,0.0233,-0.0053,0.0267,0.0017,-0.0053,-0.0016,15.0000,COLLISION RISK
1087,54.0856,0.0233,-0.0053,0.0265,0.0011,-0.0053,-0.0018,15.0000,COLLISION RISK
1088,54.1335,0.0233,-0.0041,0.0262,0.0005,-0.0041,-0.0020,15.0000,COLLISION RISK
1089,54.1811,0.0364,0.0019,0.0273,0.0017,0.0020,0.0115,15.0000,COLLISION RISK
1090,54.2294,0.0429,0.0067,0.0289,0.0038,0.0068,0.0180,15.0000,COLLISION RISK
1091,54.4821,0.0429,-0.0089,0.0305,0.0049,-0.0088,0.0174,15.0000,COLLISION RISK
1092,54.4825,0.0396,-0.0244,0.0317,0.0046,-0.0243,0.0130,15.0000,COLLISION RISK
1093,54.4827,0.0331,-0.0017,0.0320,0.0047,-0.0017,0.0055,15.0000,COLLISION RISK
1094,54.4829,0.0396,-0.0101,0.0330,0.0050,-0.0100,0.0119,15.0000,COLLISION RISK
1095,54.4831,0.0396,0.0247,0.0339,0.0069,0.0247,0.0118,15.0000,COLLISION RISK
1096,54.5164,0.0266,-0.0173,0.0335,0.0052,-0.0173,-0.0020,15.0000,COLLISION RISK
1097,54.5647,0.0298,0.0127,0.0333,0.0054,0.0126,0.0013,15.0000,COLLISION RISK
1098,54.6289,0.1804,-0.0041,0.0486,0.0214,-0.0032,0.1580,15.0000,COLLISION RISK
1099,54.6761,0.0527,-0.0149,0.0500,0.0210,-0.0149,0.0203,15.0000,COLLISION RISK
1100,54.7244,0.0364,0.0139,0.0496,0.0201,0.0138,0.0034,15.0000,COLLISION RISK
1101,54.9761,0.0364,-0.0053,0.0491,0.0183,-0.0054,0.0036,15.0000,COLLISION RISK
1102,54.9765,0.0592,0.0187,0.0510,0.0202,0.0187,0.0275,15.0000,ÉLOIGNEMENT
1103,54.9768,0.0527,-0.0053,0.0521,0.0200,-0.0053,0.0199,15.0000,ÉLOIGNEMENT
1104,54.9771,0.0494,-0.0209,0.0527,0.0186,-0.0209,0.0152,15.0000,ÉLOIGNEMENT
1105,54.9773,0.0527,0.0127,0.0535,0.0191,0.0127,0.0178,15.0000,ÉLOIGNEMENT
1106,55.0099,0.0494,-0.0089,0.0539,0.0181,-0.0089,0.0135,15.0000,ÉLOIGNEMENT
1107,55.0574,0.0959,0.0043,0.0591,0.0229,0.0045,0.0610,15.0000,ÉLOIGNEMENT
1108,55.1208,0.0592,0.0067,0.0601,0.0231,0.0067,0.0209,15.0000,ÉLOIGNEMENT
1109,55.1685,0.1804,-0.0125,0.0734,0.0356,-0.0117,0.1460,15.0000,ÉLOIGNEMENT
1110,55.2161,0.1804,0.0055,0.0860,0.0475,0.0061,0.1415,15.0000,ÉLOIGNEMENT
1111,55.4635,0.1933,0.0091,0.0991,0.0596,0.0097,0.1514,15.0000,ÉLOIGNEMENT
1112,55.4638,0.1804,-0.0029,0.1101,0.0681,-0.0024,0.1342,15.0000,ÉLOIGNEMENT
1113,55.4641,0.0593,-0.0029,0.1080,0.0620,-0.0032,0.0048,15.0000,ÉLOIGNEMENT
1114,55.4643,0.0561,-0.0017,0.1054,0.0558,-0.0020,0.0015,15.0000,ÉLOIGNEMENT
1115,55.4645,0.0626,-0.0280,0.1035,0.0494,-0.0282,0.0070,15.0000,STATIONNAIRE
1116,55.5031,0.0789,0.0103,0.1032,0.0469,0.0101,0.0224,15.0000,ÉLOIGNEMENT
1117,55.5662,0.0724,0.0031,0.1022,0.0434,0.0029,0.0138,15.0000,ÉLOIGNEMENT
1118,55.6130,0.0724,-0.0017,0.1011,0.0398,-0.0019,0.0119,15.0000,ÉLOIGNEMENT
1119,55.6613,0.0593,-0.0185,0.0986,0.0340,-0.0187,-0.0040,15.0000,ÉLOIGNEMENT
1120,55.7090,0.1027,0.0115,0.1005,0.0348,0.0115,0.0397,15.0000,ÉLOIGNEMENT
1121,55.9614,0.0429,-0.0041,0.0962,0.0281,-0.0044,-0.0252,3.8213,APPROCHE
1122,55.9619,0.0461,0.0187,0.0923,0.0233,0.0184,-0.0222,4.1584,APPROCHE
1123,55.9621,0.0593,-0.0137,0.0900,0.0188,-0.0139,-0.0093,15.0000,STATIONNAIRE
1124,55.9624,0.0959,0.0019,0.0914,0.0195,0.0019,0.0274,15.0000,ÉLOIGNEMENT
1125,55.9627,0.0821,-0.0161,0.0913,0.0175,-0.0161,0.0106,15.0000,ÉLOIGNEMENT
1126,56.0098,0.0755,-0.0005,0.0905,0.0157,-0.0006,0.0022,15.0000,ÉLOIGNEMENT
1127,56.0577,0.0854,-0.0053,0.0907,0.0148,-0.0053,0.0113,15.0000,ÉLOIGNEMENT
1128,56.1057,0.1708,-0.0089,0.0995,0.0231,-0.0084,0.0987,15.0000,ÉLOIGNEMENT
1129,56.1536,0.0659,-0.0041,0.0971,0.0190,-0.0043,-0.0141,6.8641,APPROCHE
1130,56.2011,0.0331,-0.0101,0.0914,0.0114,-0.0105,-0.0484,1.8875,APPROCHE
1131,56.4424,0.0396,-0.0005,0.0866,0.0055,-0.0008,-0.0410,2.1104,APPROCHE
1132,56.4427,0.0396,-0.0149,0.0820,-0.0004,-0.0152,-0.0410,1.9987,APPROCHE
1133,56.4430,0.0592,-0.0029,0.0797,-0.0031,-0.0031,-0.0207,3.8436,APPROCHE
1134,56.4432,0.0593,0.0007,0.0775,-0.0053,0.0006,-0.0210,3.6839,APPROCHE
1135,56.4434,0.0789,-0.0005,0.0774,-0.0051,-0.0005,-0.0008,15.0000,APPROCHE
1136,56.4864,0.0624,-0.0161,0.0756,-0.0076,-0.0162,-0.0189,4.0036,APPROCHE
1137,56.5496,0.0592,-0.0005,0.0736,-0.0094,-0.0006,-0.0223,3.2950,APPROCHE
1138,56.5972,0.0429,0.0139,0.0700,-0.0120,0.0137,-0.0387,1.8073,APPROCHE
1139,56.6451,0.0298,-0.0077,0.0654,-0.0168,-0.0079,-0.0515,1.2696,APPROCHE
1140,56.6931,0.0429,0.0055,0.0623,-0.0189,0.0054,-0.0367,1.6995,APPROCHE
1141,56.9300,0.0331,-0.0005,0.0585,-0.0220,-0.0007,-0.0460,1.2701,APPROCHE
1142,56.9304,0.0527,0.0091,0.0569,-0.0221,0.0091,-0.0244,2.3354,APPROCHE
1143,56.9307,0.0592,0.0127,0.0562,-0.0211,0.0127,-0.0167,3.3723,APPROCHE
1144,56.9310,0.0528,0.0043,0.0549,-0.0211,0.0043,-0.0225,2.4404,APPROCHE
1145,56.9313,0.0527,0.0055,0.0537,-0.0210,0.0055,-0.0215,2.4943,APPROCHE
1146,56.9801,0.0461,-0.0185,0.0520,-0.0226,-0.0185,-0.0277,1.8743,APPROCHE
1147,57.0278,0.0364,-0.0077,0.0494,-0.0246,-0.0078,-0.0371,1.3307,COLLISION RISK
1148,57.0755,0.0461,0.0079,0.0479,-0.0244,0.0079,-0.0256,1.8733,COLLISION RISK
1149,57.1398,0.0331,-0.0125,0.0453,-0.0266,-0.0126,-0.0382,1.1865,COLLISION RISK
1150,57.1864,0.0430,-0.0089,0.0439,-0.0271,-0.0089,-0.0268,1.6389,COLLISION RISK
1151,57.4224,0.0626,-0.0005,0.0446,-0.0249,-0.0004,-0.0054,15.0000,COLLISION RISK
1152,57.4228,0.0396,0.0127,0.0429,-0.0247,0.0127,-0.0285,1.5066,COLLISION RISK
1153,57.4231,0.0463,-0.0005,0.0422,-0.0242,-0.0005,-0.0200,2.1133,COLLISION RISK
1154,57.4233,0.0396,0.0007,0.0408,-0.0243,0.0007,-0.0258,1.5850,COLLISION RISK
1155,57.4256,0.0364,0.0043,0.0393,-0.0245,0.0043,-0.0277,1.4206,COLLISION RISK
1156,57.4728,0.0559,-0.0149,0.0399,-0.0232,-0.0148,-0.0062,15.0000,COLLISION RISK
1157,57.5211,0.0559,0.0079,0.0405,-0.0209,0.0080,-0.0055,15.0000,COLLISION RISK
1158,57.5690,0.0624,0.0043,0.0418,-0.0182,0.0044,0.0022,15.0000,COLLISION RISK
1159,57.6166,0.0924,0.0067,0.0462,-0.0122,0.0070,0.0343,15.0000,COLLISION RISK
1160,57.6642,0.0724,0.0091,0.0483,-0.0087,0.0093,0.0136,15.0000,COLLISION RISK
1161,57.9010,0.0789,0.0079,0.0511,-0.0049,0.0081,0.0212,15.0000,ÉLOIGNEMENT
1162,57.9014,0.0924,-0.0053,0.0551,-0.0006,-0.0050,0.0356,15.0000,ÉLOIGNEMENT
1163,57.9017,0.0787,-0.0089,0.0575,0.0016,-0.0088,0.0209,15.0000,ÉLOIGNEMENT
1164,57.9019,0.0854,-0.0077,0.0604,0.0043,-0.0075,0.0279,15.0000,ÉLOIGNEMENT
1165,57.9150,0.0890,0.0235,0.0635,0.0086,0.0236,0.0318,15.0000,ÉLOIGNEMENT
1166,57.9628,0.1610,-0.0173,0.0739,0.0185,-0.0167,0.1064,15.0000,ÉLOIGNEMENT
1167,58.0104,0.0888,0.0223,0.0763,0.0211,0.0223,0.0291,15.0000,ÉLOIGNEMENT
1168,58.0575,0.0854,-0.0101,0.0781,0.0215,-0.0100,0.0256,15.0000,ÉLOIGNEMENT
1169,58.1204,0.0993,0.0067,0.0813,0.0241,0.0068,0.0399,15.0000,ÉLOIGNEMENT
1170,58.1679,0.0959,-0.0065,0.0838,0.0252,-0.0064,0.0354,15.0000,ÉLOIGNEMENT
1171,58.4352,0.1027,0.0007,0.0869,0.0272,0.0008,0.0415,15.0000,ÉLOIGNEMENT
1172,58.4356,0.1302,0.0067,0.0926,0.0322,0.0069,0.0690,15.0000,ÉLOIGNEMENT
1173,58.4358,0.1164,-0.0125,0.0964,0.0340,-0.0123,0.0525,15.0000,ÉLOIGNEMENT
1174,58.4360,0.1199,-0.0101,0.1003,0.0359,-0.0100,0.0542,15.0000,ÉLOIGNEMENT
1175,58.4363,0.1406,-0.0017,0.1061,0.0401,-0.0015,0.0739,15.0000,ÉLOIGNEMENT
1176,58.4713,0.1509,0.0007,0.1125,0.0448,0.0010,0.0822,15.0000,ÉLOIGNEMENT
1177,58.5189,0.1676,-0.0137,0.1201,0.0500,-0.0134,0.0967,15.0000,ÉLOIGNEMENT
1178,58.5670,0.1610,0.0163,0.1266,0.0551,0.0165,0.0870,15.0000,ÉLOIGNEMENT
1179,58.6147,0.1706,-0.0101,0.1335,0.0591,-0.0098,0.0943,15.0000,ÉLOIGNEMENT
1180,58.6625,0.1837,-0.0149,0.1413,0.0636,-0.0146,0.1045,15.0000,ÉLOIGNEMENT
1181,58.9235,0.1804,-0.0041,0.1482,0.0674,-0.0039,0.0974,15.0000,ÉLOIGNEMENT
1182,58.9239,0.1900,-0.0005,0.1555,0.0716,-0.0003,0.1040,15.0000,ÉLOIGNEMENT
1183,58.9241,0.1741,0.0043,0.1606,0.0735,0.0044,0.0839,15.0000,ÉLOIGNEMENT
1184,58.9244,0.1837,-0.0113,0.1662,0.0751,-0.0112,0.0906,15.0000,ÉLOIGNEMENT
1185,58.9247,0.1837,-0.0101,0.1714,0.0761,-0.0100,0.0868,15.0000,ÉLOIGNEMENT
1186,58.9647,0.1804,-0.0149,0.1757,0.0759,-0.0149,0.0793,15.0000,ÉLOIGNEMENT
1187,59.0126,0.1804,-0.0041,0.1796,0.0758,-0.0041,0.0755,15.0000,ÉLOIGNEMENT
1188,59.0607,0.1804,-0.0005,0.1831,0.0754,-0.0005,0.0718,15.0000,ÉLOIGNEMENT
1189,59.1077,0.1804,0.0067,0.1862,0.0751,0.0067,0.0683,15.0000,ÉLOIGNEMENT
1190,59.1715,0.1804,0.0223,0.1890,0.0751,0.0222,0.0653,15.0000,ÉLOIGNEMENT
1191,59.4196,0.1772,-0.0065,0.1911,0.0731,-0.0066,0.0586,15.0000,ÉLOIGNEMENT
1192,59.4200,0.1772,0.0007,0.1930,0.0712,0.0006,0.0551,15.0000,ÉLOIGNEMENT
1193,59.4202,0.1772,-0.0041,0.1946,0.0688,-0.0042,0.0517,15.0000,ÉLOIGNEMENT
1194,59.4204,0.1772,0.0043,0.1959,0.0667,0.0042,0.0483,15.0000,ÉLOIGNEMENT
1195,59.4206,0.1772,-0.0005,0.1970,0.0643,-0.0006,0.0451,15.0000,ÉLOIGNEMENT
1196,59.4582,0.1772,-0.0017,0.1978,0.0617,-0.0018,0.0418,15.0000,ÉLOIGNEMENT
1197,59.5214,0.1900,0.0079,0.1998,0.0608,0.0078,0.0521,15.0000,ÉLOIGNEMENT
1198,59.5685,0.3677,-0.0161,0.2197,0.0783,-0.0151,0.2334,15.0000,ÉLOIGNEMENT
1199,59.6156,0.1676,-0.0077,0.2179,0.0717,-0.0081,0.0165,15.0000,ÉLOIGNEMENT
1200,59.6628,0.1676,-0.0005,0.2159,0.0657,-0.0008,0.0149,15.0000,ÉLOIGNEMENT
1201,59.9129,0.1676,-0.0173,0.2139,0.0591,-0.0176,0.0126,15.0000,ÉLOIGNEMENT
1202,59.9134,0.1676,0.0019,0.2118,0.0538,0.0016,0.0102,15.0000,ÉLOIGNEMENT
1203,59.9136,0.1676,-0.0065,0.2097,0.0483,-0.0068,0.0078,15.0000,STATIONNAIRE
1204,59.9138,0.1676,0.0019,0.2076,0.0434,0.0016,0.0054,15.0000,STATIONNAIRE
1205,59.9157,0.1708,-0.0101,0.2057,0.0386,-0.0103,0.0063,15.0000,STATIONNAIRE
1206,59.9633,0.1676,0.0031,0.2036,0.0344,0.0028,0.0007,15.0000,STATIONNAIRE
1207,60.0104,0.1676,-0.0077,0.2014,0.0298,-0.0079,-0.0014,15.0000,STATIONNAIRE
1208,60.0581,0.1676,0.0067,0.1993,0.0262,0.0065,-0.0032,15.0000,STATIONNAIRE
1209,60.1056,0.1676,-0.0053,0.1972,0.0223,-0.0055,-0.0048,15.0000,STATIONNAIRE
1210,60.1695,0.1676,0.0007,0.1952,0.0190,0.0005,-0.0063,15.0000,STATIONNAIRE
1211,60.4170,0.1676,-0.0161,0.1932,0.0150,-0.0163,-0.0079,15.0000,STATIONNAIRE
1212,60.4174,0.1676,-0.0077,0.1913,0.0117,-0.0079,-0.0094,15.0000,STATIONNAIRE
1213,60.4176,0.1676,0.0258,0.1894,0.0103,0.0256,-0.0100,15.0000,STATIONNAIRE
1214,60.4178,0.1706,0.0043,0.1879,0.0084,0.0042,-0.0072,15.0000,STATIONNAIRE
1215,60.4180,0.1706,0.0175,0.1866,0.0073,0.0174,-0.0075,15.0000,STATIONNAIRE
1216,60.4555,0.1610,-0.0149,0.1843,0.0037,-0.0150,-0.0181,10.1604,APPROCHE
1217,60.5186,0.1610,-0.0173,0.1820,0.0002,-0.0174,-0.0189,9.6516,APPROCHE
1218,60.5664,0.1610,0.0019,0.1799,-0.0020,0.0017,-0.0192,9.3456,APPROCHE
1219,60.6137,0.1610,-0.0041,0.1779,-0.0043,-0.0042,-0.0194,9.1638,APPROCHE
1220,60.6611,0.1706,0.0067,0.1769,-0.0047,0.0066,-0.0094,15.0000,STATIONNAIRE
1221,60.8915,0.1676,0.0055,0.1758,-0.0054,0.0054,-0.0125,14.0714,APPROCHE
1222,60.8920,0.2159,-0.0005,0.1796,-0.0010,-0.0002,0.0379,15.0000,ÉLOIGNEMENT
1223,60.8922,0.1676,-0.0089,0.1783,-0.0028,-0.0090,-0.0138,12.9040,APPROCHE
1224,60.8924,0.1643,0.0091,0.1768,-0.0039,0.0090,-0.0168,10.5462,APPROCHE
1225,60.9164,0.1676,0.0007,0.1757,-0.0048,0.0007,-0.0127,13.8054,APPROCHE
1226,60.9640,0.1804,-0.0029,0.1759,-0.0044,-0.0029,0.0009,15.0000,APPROCHE
1227,61.0118,0.1804,-0.0053,0.1762,-0.0042,-0.0053,0.0007,15.0000,APPROCHE
1228,61.0596,0.1804,-0.0017,0.1764,-0.0038,-0.0017,0.0006,15.0000,APPROCHE
1229,61.1073,0.1804,0.0043,0.1767,-0.0031,0.0043,0.0007,15.0000,APPROCHE
1230,61.1552,0.1804,-0.0209,0.1769,-0.0037,-0.0208,0.0004,15.0000,APPROCHE
1231,61.3884,0.1804,0.0067,0.1771,-0.0030,0.0067,0.0003,15.0000,APPROCHE
1232,61.3888,0.1804,-0.0125,0.1773,-0.0032,-0.0125,0.0002,15.0000,APPROCHE
1233,61.3891,0.1804,0.0139,0.1775,-0.0021,0.0139,0.0004,15.0000,APPROCHE
1234,61.3893,0.1804,-0.0065,0.1777,-0.0021,-0.0065,0.0006,15.0000,APPROCHE
1235,61.4095,0.1804,-0.0065,0.1779,-0.0021,-0.0065,0.0005,15.0000,APPROCHE
1236,61.4575,0.1804,0.0067,0.1780,-0.0015,0.0067,0.0006,15.0000,APPROCHE
1237,61.5046,0.1804,-0.0161,0.1782,-0.0020,-0.0161,0.0005,15.0000,APPROCHE
1238,61.5683,0.1804,0.0139,0.1783,-0.0011,0.0139,0.0006,15.0000,APPROCHE
1239,61.6158,0.1804,-0.0113,0.1785,-0.0014,-0.0113,0.0006,15.0000,APPROCHE
1240,61.6635,0.1804,0.0211,0.1786,-0.0002,0.0211,0.0009,15.0000,APPROCHE
1241,61.9129,0.1806,-0.0053,0.1788,-0.0002,-0.0053,0.0014,15.0000,APPROCHE
1242,61.9133,0.1804,0.0031,0.1790,0.0001,0.0031,0.0012,15.0000,APPROCHE
1243,61.9135,0.1804,-0.0053,0.1791,0.0000,-0.0053,0.0012,15.0000,APPROCHE
1244,61.9138,0.1804,-0.0161,0.1792,-0.0006,-0.0161,0.0009,15.0000,APPROCHE
1245,61.9140,0.1804,0.0175,0.1794,0.0004,0.0175,0.0010,15.0000,APPROCHE
1246,61.9657,0.1804,-0.0125,0.1795,-0.0001,-0.0125,0.0010,15.0000,APPROCHE
1247,62.0133,0.1804,0.0282,0.1796,0.0014,0.0282,0.0013,15.0000,APPROCHE
1248,62.0615,0.1804,-0.0268,0.1797,0.0001,-0.0267,0.0013,15.0000,APPROCHE
1249,62.1094,0.1804,-0.0017,0.1798,0.0001,-0.0017,0.0008,15.0000,APPROCHE
1250,62.1574,0.1804,0.0019,0.1798,0.0003,0.0019,0.0008,15.0000,APPROCHE
1251,62.4087,0.1804,-0.0161,0.1799,-0.0005,-0.0161,0.0005,15.0000,APPROCHE
1252,62.4092,0.1804,0.0127,0.1799,0.0002,0.0127,0.0005,15.0000,APPROCHE
1253,62.4094,0.1804,-0.0161,0.1800,-0.0005,-0.0161,0.0003,15.0000,APPROCHE
1254,62.4096,0.1804,0.0211,0.1800,0.0006,0.0211,0.0005,15.0000,APPROCHE
1255,62.4115,0.1804,0.0019,0.1801,0.0007,0.0019,0.0008,15.0000,APPROCHE
1256,62.4596,0.1804,0.0223,0.1802,0.0018,0.0223,0.0013,15.0000,APPROCHE
1257,62.5072,0.1804,0.0163,0.1803,0.0027,0.0163,0.0019,15.0000,APPROCHE
1258,62.5548,0.1804,-0.0017,0.1804,0.0026,-0.0017,0.0021,15.0000,APPROCHE
1259,62.6028,0.1804,-0.0005,0.1805,0.0025,-0.0005,0.0021,15.0000,APPROCHE
1260,62.6660,0.1804,-0.0077,0.1806,0.0021,-0.0077,0.0019,15.0000,APPROCHE
1261,62.9096,0.1804,0.0247,0.1807,0.0033,0.0247,0.0022,15.0000,APPROCHE
1262,62.9101,0.1804,0.0055,0.1809,0.0035,0.0055,0.0026,15.0000,APPROCHE
1263,62.9104,0.1804,0.0019,0.1810,0.0036,0.0019,0.0026,15.0000,APPROCHE
1264,62.9106,0.1804,-0.0149,0.1811,0.0027,-0.0149,0.0023,15.0000,APPROCHE
1265,62.9108,0.1804,-0.0101,0.1811,0.0021,-0.0101,0.0018,15.0000,APPROCHE
1266,62.9529,0.1804,-0.0005,0.1811,0.0020,-0.0005,0.0015,15.0000,APPROCHE
1267,63.0167,0.1804,-0.0197,0.1811,0.0010,-0.0197,0.0010,15.0000,APPROCHE
1268,63.0643,0.1804,0.0115,0.1811,0.0015,0.0115,0.0008,15.0000,APPROCHE
1269,63.1126,0.1804,-0.0340,0.1811,-0.0003,-0.0339,0.0002,15.0000,APPROCHE
1270,63.1601,0.1804,-0.0041,0.1810,-0.0006,-0.0041,-0.0005,15.0000,APPROCHE
1271,63.3987,0.1804,-0.0029,0.1809,-0.0008,-0.0029,-0.0008,15.0000,APPROCHE
1272,63.3991,0.1806,0.0163,0.1808,-0.0000,0.0163,-0.0004,15.0000,APPROCHE
1273,63.3993,0.1804,0.0067,0.1808,0.0003,0.0067,-0.0003,15.0000,APPROCHE
1274,63.3996,0.1804,0.0091,0.1808,0.0007,0.0091,-0.0000,15.0000,APPROCHE
1275,63.4132,0.1804,0.0031,0.1808,0.0008,0.0031,0.0002,15.0000,APPROCHE
1276,63.4610,0.1804,-0.0161,0.1808,-0.0001,-0.0161,-0.0001,15.0000,APPROCHE
1277,63.5084,0.1804,0.0091,0.1807,0.0003,0.0091,-0.0001,15.0000,APPROCHE
1278,63.5561,0.1804,-0.0029,0.1807,0.0002,-0.0029,-0.0001,15.0000,APPROCHE
1279,63.6039,0.1804,-0.0041,0.1807,-0.0001,-0.0041,-0.0002,15.0000,APPROCHE
1280,63.6510,0.1804,0.0055,0.1806,0.0002,0.0055,-0.0002,15.0000,APPROCHE
1281,63.9044,0.1804,-0.0137,0.1806,-0.0005,-0.0137,-0.0004,15.0000,APPROCHE
1282,63.9048,0.1804,0.0079,0.1806,-0.0002,0.0079,-0.0004,15.0000,APPROCHE
1283,63.9051,0.1804,-0.0101,0.1805,-0.0007,-0.0101,-0.0005,15.0000,APPROCHE
1284,63.9055,0.1804,-0.0017,0.1805,-0.0008,-0.0017,-0.0007,15.0000,APPROCHE
1285,63.9058,0.1804,-0.0077,0.1804,-0.0012,-0.0077,-0.0009,15.0000,APPROCHE
1286,63.9542,0.1804,-0.0065,0.1804,-0.0015,-0.0065,-0.0011,15.0000,APPROCHE
1287,64.0011,0.1804,0.0055,0.1803,-0.0012,0.0055,-0.0011,15.0000,APPROCHE
1288,64.0651,0.1804,-0.0077,0.1803,-0.0016,-0.0077,-0.0011,15.0000,APPROCHE
1289,64.1130,0.1804,0.0282,0.1802,-0.0002,0.0282,-0.0007,15.0000,APPROCHE
1290,64.1611,0.1804,-0.0280,0.1802,-0.0015,-0.0279,-0.0007,15.0000,APPROCHE
1291,64.3955,0.1804,0.0043,0.1802,-0.0013,0.0043,-0.0010,15.0000,APPROCHE
1292,64.3958,0.1804,-0.0053,0.1801,-0.0015,-0.0053,-0.0010,15.0000,APPROCHE
1293,64.3961,0.1804,-0.0053,0.1801,-0.0017,-0.0053,-0.0012,15.0000,APPROCHE
1294,64.3963,0.1804,-0.0125,0.1800,-0.0023,-0.0125,-0.0014,15.0000,APPROCHE
1295,64.4139,0.1804,0.0091,0.1800,-0.0018,0.0091,-0.0014,15.0000,APPROCHE
1296,64.4613,0.1804,-0.0029,0.1799,-0.0019,-0.0029,-0.0013,15.0000,APPROCHE
1297,64.5088,0.1804,-0.0101,0.1799,-0.0023,-0.0101,-0.0015,15.0000,APPROCHE
1298,64.5563,0.1804,0.0115,0.1798,-0.0017,0.0115,-0.0013,15.0000,APPROCHE
1299,64.6039,0.1804,-0.0065,0.1798,-0.0020,-0.0065,-0.0012,15.0000,APPROCHE
1300,64.6518,0.1804,-0.0185,0.1798,-0.0028,-0.0185,-0.0016,15.0000,APPROCHE
1301,64.9033,0.1804,-0.0173,0.1797,-0.0036,-0.0173,-0.0021,15.0000,APPROCHE
1302,64.9037,0.1804,0.0031,0.1796,-0.0033,0.0031,-0.0022,15.0000,APPROCHE
1303,64.9039,0.1804,-0.0029,0.1795,-0.0034,-0.0029,-0.0022,15.0000,APPROCHE
1304,64.9041,0.1804,-0.0101,0.1795,-0.0037,-0.0101,-0.0023,15.0000,APPROCHE
1305,64.9048,0.1804,0.0055,0.1794,-0.0033,0.0055,-0.0023,15.0000,APPROCHE
1306,64.9526,0.1804,-0.0316,0.1793,-0.0048,-0.0315,-0.0027,15.0000,APPROCHE
1307,65.0006,0.1806,-0.0017,0.1792,-0.0047,-0.0017,-0.0029,15.0000,APPROCHE
1308,65.0643,0.1804,-0.0352,0.1791,-0.0063,-0.0352,-0.0037,15.0000,APPROCHE
1309,65.1122,0.1804,0.0055,0.1790,-0.0059,0.0055,-0.0040,15.0000,APPROCHE
1310,65.1602,0.1804,0.0019,0.1788,-0.0056,0.0019,-0.0037,15.0000,APPROCHE
1311,65.4201,0.1804,-0.0101,0.1787,-0.0059,-0.0101,-0.0037,15.0000,APPROCHE
1312,65.4205,0.1804,0.0199,0.1787,-0.0047,0.0199,-0.0033,15.0000,APPROCHE
1313,65.4207,0.1804,-0.0149,0.1786,-0.0052,-0.0148,-0.0031,15.0000,APPROCHE
1314,65.4210,0.1804,0.0211,0.1786,-0.0039,0.0211,-0.0027,15.0000,APPROCHE
1315,65.4212,0.1804,-0.0053,0.1786,-0.0040,-0.0053,-0.0022,15.0000,APPROCHE
1316,65.4623,0.1804,0.0067,0.1786,-0.0034,0.0067,-0.0020,15.0000,APPROCHE
1317,65.5098,0.1804,0.0043,0.1786,-0.0030,0.0043,-0.0016,15.0000,APPROCHE
1318,65.5576,0.1804,0.0067,0.1787,-0.0024,0.0067,-0.0012,15.0000,APPROCHE
1319,65.6058,0.1804,0.0127,0.1788,-0.0016,0.0127,-0.0006,15.0000,APPROCHE
1320,65.6534,0.1804,-0.0244,0.1788,-0.0026,-0.0243,-0.0007,15.0000,APPROCHE
1321,65.9109,0.1804,0.0043,0.1789,-0.0022,0.0043,-0.0008,15.0000,APPROCHE
1322,65.9113,0.1643,-0.0232,0.1773,-0.0050,-0.0233,-0.0179,9.9283,APPROCHE
1323,65.9116,0.1578,0.0103,0.1751,-0.0066,0.0101,-0.0242,7.2339,APPROCHE
1324,65.9118,0.1027,-0.6328,0.1667,-0.0461,-0.6325,-0.0926,1.8002,APPROCHE
1325,65.9120,0.1027,0.1815,0.1582,-0.0439,0.1801,-0.0966,1.6385,APPROCHE
1326,65.9565,0.1130,-0.0256,0.1516,-0.0499,-0.0256,-0.0825,1.8375,APPROCHE
1327,66.0045,0.1027,-0.0017,0.1444,-0.0551,-0.0020,-0.0921,1.5674,APPROCHE
1328,66.0524,0.1027,0.0139,0.1376,-0.0587,0.0136,-0.0898,1.5332,APPROCHE
1329,66.1006,0.1027,-0.0089,0.1314,-0.0627,-0.0091,-0.0874,1.5035,APPROCHE
1330,66.1484,0.1027,0.0175,0.1257,-0.0647,0.0173,-0.0847,1.4844,APPROCHE
1331,66.3799,0.0959,-0.0065,0.1197,-0.0679,-0.0066,-0.0889,1.3467,APPROCHE
1332,66.3803,0.0924,-0.0029,0.1139,-0.0707,-0.0031,-0.0896,1.2707,APPROCHE
1333,66.3806,0.0691,0.0055,0.1061,-0.0750,0.0052,-0.1105,0.9600,COLLISION RISK
1334,66.3808,0.0691,-0.0137,0.0990,-0.0794,-0.0139,-0.1067,0.9270,COLLISION RISK
1335,66.4030,0.0494,0.0103,0.0903,-0.0839,0.0100,-0.1233,0.7324,COLLISION RISK
1336,66.4518,0.0494,0.0079,0.0824,-0.0875,0.0077,-0.1186,0.6949,COLLISION RISK
1337,66.4984,0.0559,-0.0101,0.0757,-0.0905,-0.0102,-0.1075,0.7047,COLLISION RISK
1338,66.5449,0.0461,0.0151,0.0687,-0.0925,0.0149,-0.1133,0.6059,COLLISION RISK
1339,66.6068,0.0461,-0.0053,0.0622,-0.0948,-0.0054,-0.1087,0.5723,COLLISION RISK
1340,66.6541,0.0461,-0.0173,0.0563,-0.0969,-0.0174,-0.1045,0.5384,COLLISION RISK
1341,66.9016,0.0461,-0.0053,0.0509,-0.0977,-0.0053,-0.1003,0.5070,COLLISION RISK
1342,66.9021,0.0461,-0.0077,0.0460,-0.0981,-0.0077,-0.0960,0.4790,COLLISION RISK
1343,66.9023,0.0494,-0.0089,0.0419,-0.0976,-0.0088,-0.0883,0.4747,COLLISION RISK
1344,66.9025,0.0396,0.0043,0.0373,-0.0971,0.0043,-0.0941,0.3965,COLLISION RISK
1345,66.9028,0.0527,0.0079,0.0345,-0.0945,0.0080,-0.0755,0.4575,COLLISION RISK
1346,66.9394,0.0527,-0.0077,0.0321,-0.0924,-0.0075,-0.0712,0.4517,COLLISION RISK
1347,66.9865,0.0527,-0.0053,0.0301,-0.0898,-0.0051,-0.0670,0.4490,COLLISION RISK
1348,67.0339,0.0527,0.0067,0.0284,-0.0865,0.0069,-0.0627,0.4529,COLLISION RISK
1349,67.0974,0.0527,0.0223,0.0270,-0.0822,0.0225,-0.0579,0.4665,COLLISION RISK
1350,67.1452,0.0527,-0.0185,0.0259,-0.0799,-0.0183,-0.0538,0.4824,COLLISION RISK
1351,67.3990,0.0527,-0.0053,0.0251,-0.0767,-0.0051,-0.0501,0.5010,COLLISION RISK
1352,67.3994,0.0527,-0.0053,0.0245,-0.0735,-0.0051,-0.0463,0.5278,COLLISION RISK
1353,67.3996,0.0527,0.0007,0.0241,-0.0699,0.0009,-0.0427,0.5639,COLLISION RISK
1354,67.3998,0.0527,-0.0005,0.0238,-0.0664,-0.0003,-0.0390,0.6108,COLLISION RISK
1355,67.4000,0.0527,0.0211,0.0238,-0.0618,0.0213,-0.0352,0.6777,COLLISION RISK
1356,67.4305,0.0527,0.0067,0.0240,-0.0579,0.0069,-0.0314,0.7647,COLLISION RISK
1357,67.4779,0.0527,-0.0065,0.0244,-0.0548,-0.0063,-0.0283,0.8620,COLLISION RISK
1358,67.5259,0.0527,-0.0113,0.0248,-0.0519,-0.0111,-0.0256,0.9700,COLLISION RISK
1359,67.5733,0.0429,0.0019,0.0243,-0.0495,0.0020,-0.0331,0.7354,COLLISION RISK
1360,67.6212,0.0429,-0.0137,0.0240,-0.0479,-0.0136,-0.0304,0.7896,COLLISION RISK
1361,67.8600,0.0461,0.0151,0.0241,-0.0444,0.0152,-0.0242,0.9945,COLLISION RISK
1362,67.8604,0.0461,0.0007,0.0244,-0.0417,0.0009,-0.0216,1.1295,COLLISION RISK
1363,67.8607,0.0364,0.0007,0.0237,-0.0401,0.0008,-0.0293,0.8093,COLLISION RISK
1364,67.8609,0.0396,-0.0089,0.0235,-0.0386,-0.0088,-0.0237,0.9937,COLLISION RISK
1365,67.8736,0.0298,0.0211,0.0225,-0.0366,0.0211,-0.0315,0.7146,COLLISION RISK
1366,67.9210,0.0298,-0.0113,0.0216,-0.0362,-0.0112,-0.0290,0.7428,COLLISION RISK
1367,67.9689,0.0396,0.0055,0.0218,-0.0337,0.0056,-0.0168,1.3011,COLLISION RISK
1368,68.0164,0.0266,0.0007,0.0208,-0.0330,0.0007,-0.0285,0.7297,COLLISION RISK
1369,68.0799,0.0396,0.0091,0.0212,-0.0302,0.0092,-0.0127,1.6661,COLLISION RISK
1370,68.1277,0.0331,-0.0113,0.0211,-0.0293,-0.0112,-0.0181,1.1659,COLLISION RISK
1371,68.3771,0.0201,0.0091,0.0197,-0.0288,0.0091,-0.0300,0.6568,COLLISION RISK
1372,68.3774,0.0201,-0.0113,0.0184,-0.0292,-0.0113,-0.0281,0.6546,COLLISION RISK
1373,68.3776,0.0201,-0.0029,0.0173,-0.0290,-0.0029,-0.0266,0.6495,COLLISION RISK
1374,68.3778,0.0201,-0.0125,0.0162,-0.0291,-0.0125,-0.0253,0.6433,COLLISION RISK
1375,68.3780,0.0201,-0.0041,0.0153,-0.0287,-0.0041,-0.0240,0.6391,COLLISION RISK
1376,68.4152,0.0201,0.0019,0.0145,-0.0280,0.0019,-0.0226,0.6441,COLLISION RISK
1377,68.4622,0.0201,-0.0101,0.0138,-0.0277,-0.0100,-0.0213,0.6492,COLLISION RISK
1378,68.5263,0.0201,0.0067,0.0132,-0.0265,0.0067,-0.0200,0.6633,COLLISION RISK
1379,68.5742,0.0201,0.0019,0.0128,-0.0255,0.0020,-0.0185,0.6895,COLLISION RISK
1380,68.6221,0.0201,0.0019,0.0124,-0.0245,0.0020,-0.0171,0.7218,COLLISION RISK
1381,68.8711,0.0201,0.0031,0.0121,-0.0233,0.0032,-0.0158,0.7644,COLLISION RISK
1382,68.8715,0.0201,0.0079,0.0118,-0.0219,0.0080,-0.0144,0.8249,COLLISION RISK
1383,68.8717,0.0201,0.0103,0.0117,-0.0204,0.0104,-0.0129,0.9105,COLLISION RISK
1384,68.8720,0.0201,-0.0209,0.0116,-0.0204,-0.0208,-0.0120,0.9722,COLLISION RISK
1385,68.8748,0.0201,0.0019,0.0116,-0.0192,0.0019,-0.0112,1.0384,COLLISION RISK
1386,68.9225,0.0201,-0.0065,0.0116,-0.0185,-0.0064,-0.0103,1.1296,COLLISION RISK
1387,68.9702,0.0201,-0.0029,0.0116,-0.0176,-0.0028,-0.0095,15.0000,COLLISION RISK
1388,69.0178,0.0201,-0.0137,0.0117,-0.0173,-0.0136,-0.0089,15.0000,COLLISION RISK
1389,69.0654,0.0201,0.0019,0.0118,-0.0161,0.0019,-0.0082,15.0000,COLLISION RISK
1390,69.1129,0.0201,-0.0053,0.0119,-0.0154,-0.0052,-0.0074,15.0000,COLLISION RISK
1391,69.3528,0.0201,-0.0029,0.0120,-0.0145,-0.0028,-0.0068,15.0000,COLLISION RISK
1392,69.3532,0.0201,-0.0041,0.0122,-0.0138,-0.0040,-0.0062,15.0000,COLLISION RISK
1393,69.3535,0.0201,-0.0053,0.0124,-0.0131,-0.0052,-0.0056,15.0000,COLLISION RISK
1394,69.3537,0.0201,0.0139,0.0126,-0.0115,0.0139,-0.0048,15.0000,COLLISION RISK
1395,69.3670,0.0201,0.0031,0.0129,-0.0104,0.0032,-0.0039,15.0000,COLLISION RISK
1396,69.4142,0.0201,0.0043,0.0131,-0.0094,0.0043,-0.0031,15.0000,COLLISION RISK
1397,69.4619,0.0201,0.0043,0.0134,-0.0083,0.0043,-0.0024,15.0000,COLLISION RISK
1398,69.5250,0.0201,0.0091,0.0138,-0.0071,0.0091,-0.0016,15.0000,COLLISION RISK
1399,69.5727,0.0201,-0.0101,0.0141,-0.0069,-0.0100,-0.0012,15.0000,COLLISION RISK
1400,69.6203,0.0201,0.0103,0.0144,-0.0056,0.0103,-0.0007,15.0000,COLLISION RISK
1401,69.8562,0.0201,0.0270,0.0148,-0.0036,0.0270,0.0003,15.0000,COLLISION RISK
1402,69.8566,0.0201,-0.0029,0.0151,-0.0032,-0.0028,0.0010,15.0000,COLLISION RISK
1403,69.8568,0.0201,0.0067,0.0155,-0.0023,0.0067,0.0014,15.0000,COLLISION RISK
1404,69.8570,0.0201,-0.0089,0.0159,-0.0022,-0.0089,0.0016,15.0000,COLLISION RISK
1405,69.8742,0.0461,0.0091,0.0189,0.0016,0.0093,0.0290,15.0000,COLLISION RISK
1406,69.9214,0.0298,0.0175,0.0201,0.0037,0.0176,0.0119,15.0000,COLLISION RISK
1407,69.9694,0.0298,0.0019,0.0213,0.0048,0.0020,0.0122,15.0000,COLLISION RISK
1408,70.0172,0.0201,0.0127,0.0214,0.0053,0.0127,0.0023,15.0000,COLLISION RISK
1409,70.0653,0.0201,-0.0101,0.0215,0.0046,-0.0101,0.0025,15.0000,COLLISION RISK
1410,70.1129,0.0298,0.0055,0.0225,0.0058,0.0055,0.0126,15.0000,COLLISION RISK
1411,70.3442,0.0266,-0.0149,0.0232,0.0055,-0.0149,0.0088,15.0000,COLLISION RISK
1412,70.3446,0.0461,-0.0029,0.0258,0.0078,-0.0028,0.0286,15.0000,COLLISION RISK
1413,70.3448,0.1933,-0.0053,0.0433,0.0261,-0.0043,0.1808,15.0000,COLLISION RISK
1414,70.3450,0.1804,0.0079,0.0585,0.0415,0.0087,0.1624,15.0000,ÉLOIGNEMENT
1415,70.3668,0.1804,0.0055,0.0728,0.0550,0.0062,0.1589,15.0000,ÉLOIGNEMENT
1416,70.4142,0.1804,-0.0077,0.0863,0.0662,-0.0070,0.1554,15.0000,ÉLOIGNEMENT
1417,70.4613,0.1804,-0.0065,0.0989,0.0759,-0.0059,0.1519,15.0000,ÉLOIGNEMENT
1418,70.5091,0.1804,-0.0161,0.1106,0.0837,-0.0156,0.1480,15.0000,ÉLOIGNEMENT
1419,70.5725,0.1804,-0.0041,0.1215,0.0907,-0.0037,0.1440,15.0000,ÉLOIGNEMENT
1420,70.6199,0.1804,0.0570,0.1317,0.0996,0.0573,0.1411,15.0000,ÉLOIGNEMENT
1421,70.8937,0.1804,0.0079,0.1412,0.1048,0.0082,0.1380,15.0000,ÉLOIGNEMENT
1422,70.8941,0.1804,-0.0161,0.1499,0.1078,-0.0159,0.1336,15.0000,ÉLOIGNEMENT
1423,70.8943,0.1804,-0.0161,0.1578,0.1097,-0.0159,0.1285,15.0000,ÉLOIGNEMENT
1424,70.8945,0.1804,0.0043,0.1650,0.1118,0.0044,0.1235,15.0000,ÉLOIGNEMENT
1425,70.8947,0.1804,-0.0185,0.1716,0.1120,-0.0184,0.1183,15.0000,ÉLOIGNEMENT
1426,70.9211,0.1804,0.0127,0.1776,0.1130,0.0127,0.1131,15.0000,ÉLOIGNEMENT
1427,70.9684,0.1804,0.0031,0.1829,0.1128,0.0031,0.1082,15.0000,ÉLOIGNEMENT
1428,71.0166,0.1804,-0.0029,0.1877,0.1118,-0.0029,0.1030,15.0000,ÉLOIGNEMENT
1429,71.0640,0.1804,0.0067,0.1920,0.1107,0.0066,0.0978,15.0000,ÉLOIGNEMENT
1430,71.1119,0.1804,-0.0029,0.1958,0.1086,-0.0030,0.0926,15.0000,ÉLOIGNEMENT
1431,71.3767,0.1804,0.0187,0.1991,0.1073,0.0185,0.0877,15.0000,ÉLOIGNEMENT
1432,71.3771,0.1804,-0.0209,0.2020,0.1036,-0.0210,0.0824,15.0000,ÉLOIGNEMENT
1433,71.3773,0.1804,-0.0053,0.2044,0.1004,-0.0055,0.0770,15.0000,ÉLOIGNEMENT
1434,71.3775,0.1804,0.0007,0.2065,0.0972,0.0005,0.0719,15.0000,ÉLOIGNEMENT
1435,71.3777,0.1804,-0.0256,0.2081,0.0925,-0.0258,0.0665,15.0000,ÉLOIGNEMENT
